NODE_261_length_321461_cov_8.199894.30,gi|390945347|ref|NC_018011.1|_Alistipes_finegoldii_DSM_17242
NODE_261_length_321461_cov_8.199894.31,gi|390945347|ref|NC_018011.1|_Alistipes_finegoldii_DSM_17242
NODE_184_length_80_cov_17.712500,NA
NODE_361_length_352602_cov_6.831901.29,gi|479170689|ref|NC_021020.1|_Faecalibacterium_prausnitzii_SL3/3
NODE_183_length_115_cov_21.330435,NA
NODE_60_length_380_cov_14.105263,gi|390945347|ref|NC_018011.1|_Alistipes_finegoldii_DSM_17242
NODE_349_length_118_cov_14.542373,NA
NODE_390_length_121514_cov_8.358864.8,gi|390945347|ref|NC_018011.1|_Alistipes_finegoldii_DSM_17242
NODE_42_length_208_cov_4.033654,gi|479185170|ref|NC_021030.1|_Alistipes_shahii_WAL_8301
NODE_390_length_121514_cov_8.358864.2,gi|390945347|ref|NC_018011.1|_Alistipes_finegoldii_DSM_17242
NODE_350_length_193_cov_4.865285,gi|479185170|ref|NC_021030.1|_Alistipes_shahii_WAL_8301
NODE_390_length_121514_cov_8.358864.0,gi|390945347|ref|NC_018011.1|_Alistipes_finegoldii_DSM_17242
NODE_322_length_13952_cov_8.311927,gi|390945347|ref|NC_018011.1|_Alistipes_finegoldii_DSM_17242
NODE_170_length_192_cov_9.369792,gi|390945347|ref|NC_018011.1|_Alistipes_finegoldii_DSM_17242
NODE_390_length_121514_cov_8.358864.7,gi|390945347|ref|NC_018011.1|_Alistipes_finegoldii_DSM_17242
NODE_390_length_121514_cov_8.358864.4,gi|390945347|ref|NC_018011.1|_Alistipes_finegoldii_DSM_17242
NODE_390_length_121514_cov_8.358864.5,gi|390945347|ref|NC_018011.1|_Alistipes_finegoldii_DSM_17242
NODE_112_length_846_cov_18.049644,gi|390945347|ref|NC_018011.1|_Alistipes_finegoldii_DSM_17242
NODE_361_length_352602_cov_6.831901.26,gi|479170689|ref|NC_021020.1|_Faecalibacterium_prausnitzii_SL3/3
NODE_361_length_352602_cov_6.831901.25,gi|479170689|ref|NC_021020.1|_Faecalibacterium_prausnitzii_SL3/3
NODE_361_length_352602_cov_6.831901.24,gi|479170689|ref|NC_021020.1|_Faecalibacterium_prausnitzii_SL3/3
NODE_361_length_352602_cov_6.831901.23,gi|479170689|ref|NC_021020.1|_Faecalibacterium_prausnitzii_SL3/3
NODE_361_length_352602_cov_6.831901.22,gi|479170689|ref|NC_021020.1|_Faecalibacterium_prausnitzii_SL3/3
NODE_361_length_352602_cov_6.831901.21,gi|479170689|ref|NC_021020.1|_Faecalibacterium_prausnitzii_SL3/3
NODE_361_length_352602_cov_6.831901.20,gi|479170689|ref|NC_021020.1|_Faecalibacterium_prausnitzii_SL3/3
NODE_182_length_395_cov_21.463291,gi|390945347|ref|NC_018011.1|_Alistipes_finegoldii_DSM_17242
NODE_447_length_175_cov_4.022857,gi|479185170|ref|NC_021030.1|_Alistipes_shahii_WAL_8301
NODE_134_length_519_cov_18.038536,gi|390945347|ref|NC_018011.1|_Alistipes_finegoldii_DSM_17242
NODE_331_length_113_cov_6.867257,gi|390945347|ref|NC_018011.1|_Alistipes_finegoldii_DSM_17242
NODE_361_length_352602_cov_6.831901.28,gi|479170689|ref|NC_021020.1|_Faecalibacterium_prausnitzii_SL3/3
NODE_235_length_90026_cov_8.272466.5,gi|390945347|ref|NC_018011.1|_Alistipes_finegoldii_DSM_17242
NODE_235_length_90026_cov_8.272466.4,gi|390945347|ref|NC_018011.1|_Alistipes_finegoldii_DSM_17242
NODE_235_length_90026_cov_8.272466.7,gi|390945347|ref|NC_018011.1|_Alistipes_finegoldii_DSM_17242
NODE_235_length_90026_cov_8.272466.6,gi|390945347|ref|NC_018011.1|_Alistipes_finegoldii_DSM_17242
NODE_235_length_90026_cov_8.272466.1,gi|390945347|ref|NC_018011.1|_Alistipes_finegoldii_DSM_17242
NODE_101_length_153_cov_4.235294,gi|479185170|ref|NC_021030.1|_Alistipes_shahii_WAL_8301
NODE_235_length_90026_cov_8.272466.3,gi|390945347|ref|NC_018011.1|_Alistipes_finegoldii_DSM_17242
NODE_235_length_90026_cov_8.272466.2,gi|390945347|ref|NC_018011.1|_Alistipes_finegoldii_DSM_17242
NODE_329_length_397_cov_7.090680,gi|390945347|ref|NC_018011.1|_Alistipes_finegoldii_DSM_17242
NODE_235_length_90026_cov_8.272466.8,gi|390945347|ref|NC_018011.1|_Alistipes_finegoldii_DSM_17242
NODE_32_length_1298_cov_27.580894,gi|390945347|ref|NC_018011.1|_Alistipes_finegoldii_DSM_17242
NODE_68_length_189_cov_4.005291,gi|479185170|ref|NC_021030.1|_Alistipes_shahii_WAL_8301
NODE_301_length_1017_cov_2.447394,gi|479185170|ref|NC_021030.1|_Alistipes_shahii_WAL_8301
NODE_309_length_63619_cov_8.319213.2,gi|390945347|ref|NC_018011.1|_Alistipes_finegoldii_DSM_17242
NODE_505_length_906976_cov_6.853119.82,gi|479170689|ref|NC_021020.1|_Faecalibacterium_prausnitzii_SL3/3
NODE_332_length_202_cov_7.351485,gi|390945347|ref|NC_018011.1|_Alistipes_finegoldii_DSM_17242
NODE_338_length_355_cov_4.014084,gi|479185170|ref|NC_021030.1|_Alistipes_shahii_WAL_8301
NODE_505_length_906976_cov_6.853119.44,gi|479170689|ref|NC_021020.1|_Faecalibacterium_prausnitzii_SL3/3
NODE_254_length_191233_cov_8.270398.11,gi|390945347|ref|NC_018011.1|_Alistipes_finegoldii_DSM_17242
NODE_494_length_527700_cov_6.812331.0,gi|479170689|ref|NC_021020.1|_Faecalibacterium_prausnitzii_SL3/3
NODE_260_length_165083_cov_8.801846.15,gi|390945347|ref|NC_018011.1|_Alistipes_finegoldii_DSM_17242
NODE_227_length_17728_cov_8.145138,gi|390945347|ref|NC_018011.1|_Alistipes_finegoldii_DSM_17242
NODE_121_length_60582_cov_8.522333.4,gi|390945347|ref|NC_018011.1|_Alistipes_finegoldii_DSM_17242
NODE_121_length_60582_cov_8.522333.5,gi|390945347|ref|NC_018011.1|_Alistipes_finegoldii_DSM_17242
NODE_121_length_60582_cov_8.522333.0,gi|390945347|ref|NC_018011.1|_Alistipes_finegoldii_DSM_17242
NODE_121_length_60582_cov_8.522333.1,gi|390945347|ref|NC_018011.1|_Alistipes_finegoldii_DSM_17242
NODE_121_length_60582_cov_8.522333.2,gi|390945347|ref|NC_018011.1|_Alistipes_finegoldii_DSM_17242
NODE_121_length_60582_cov_8.522333.3,gi|390945347|ref|NC_018011.1|_Alistipes_finegoldii_DSM_17242
NODE_494_length_527700_cov_6.812331.15,gi|479170689|ref|NC_021020.1|_Faecalibacterium_prausnitzii_SL3/3
NODE_494_length_527700_cov_6.812331.4,gi|479170689|ref|NC_021020.1|_Faecalibacterium_prausnitzii_SL3/3
NODE_257_length_6277_cov_8.895651,gi|390945347|ref|NC_018011.1|_Alistipes_finegoldii_DSM_17242
NODE_172_length_348_cov_20.241379,gi|390945347|ref|NC_018011.1|_Alistipes_finegoldii_DSM_17242
NODE_402_length_187_cov_4.711230,gi|479185170|ref|NC_021030.1|_Alistipes_shahii_WAL_8301
NODE_363_length_56311_cov_8.373550.4,gi|390945347|ref|NC_018011.1|_Alistipes_finegoldii_DSM_17242
NODE_330_length_637_cov_5.874411,gi|390945347|ref|NC_018011.1|_Alistipes_finegoldii_DSM_17242
NODE_479_length_149_cov_4.100671,gi|479185170|ref|NC_021030.1|_Alistipes_shahii_WAL_8301
NODE_234_length_197_cov_4.279188,gi|479185170|ref|NC_021030.1|_Alistipes_shahii_WAL_8301
NODE_269_length_849_cov_6.312132,gi|390945347|ref|NC_018011.1|_Alistipes_finegoldii_DSM_17242
NODE_274_length_173_cov_11.838150,gi|390945347|ref|NC_018011.1|_Alistipes_finegoldii_DSM_17242
NODE_247_length_147_cov_4.074830,gi|479185170|ref|NC_021030.1|_Alistipes_shahii_WAL_8301
NODE_505_length_906976_cov_6.853119.80,gi|479170689|ref|NC_021020.1|_Faecalibacterium_prausnitzii_SL3/3
NODE_505_length_906976_cov_6.853119.83,gi|479170689|ref|NC_021020.1|_Faecalibacterium_prausnitzii_SL3/3
NODE_53_length_98503_cov_8.154990.8,gi|390945347|ref|NC_018011.1|_Alistipes_finegoldii_DSM_17242
NODE_505_length_906976_cov_6.853119.85,gi|479170689|ref|NC_021020.1|_Faecalibacterium_prausnitzii_SL3/3
NODE_284_length_148_cov_4.236486,gi|479213596|ref|NC_021044.1|_Eubacterium_rectale_M104/1
NODE_340_length_147_cov_4.129251,gi|479185170|ref|NC_021030.1|_Alistipes_shahii_WAL_8301
NODE_505_length_906976_cov_6.853119.86,gi|479170689|ref|NC_021020.1|_Faecalibacterium_prausnitzii_SL3/3
NODE_53_length_98503_cov_8.154990.3,gi|390945347|ref|NC_018011.1|_Alistipes_finegoldii_DSM_17242
NODE_53_length_98503_cov_8.154990.2,gi|390945347|ref|NC_018011.1|_Alistipes_finegoldii_DSM_17242
NODE_53_length_98503_cov_8.154990.1,gi|390945347|ref|NC_018011.1|_Alistipes_finegoldii_DSM_17242
NODE_53_length_98503_cov_8.154990.0,gi|390945347|ref|NC_018011.1|_Alistipes_finegoldii_DSM_17242
NODE_53_length_98503_cov_8.154990.7,gi|390945347|ref|NC_018011.1|_Alistipes_finegoldii_DSM_17242
NODE_53_length_98503_cov_8.154990.6,gi|390945347|ref|NC_018011.1|_Alistipes_finegoldii_DSM_17242
NODE_53_length_98503_cov_8.154990.5,gi|390945347|ref|NC_018011.1|_Alistipes_finegoldii_DSM_17242
NODE_53_length_98503_cov_8.154990.4,gi|390945347|ref|NC_018011.1|_Alistipes_finegoldii_DSM_17242
NODE_505_length_906976_cov_6.853119.34,gi|479170689|ref|NC_021020.1|_Faecalibacterium_prausnitzii_SL3/3
NODE_505_length_906976_cov_6.853119.35,gi|479170689|ref|NC_021020.1|_Faecalibacterium_prausnitzii_SL3/3
NODE_505_length_906976_cov_6.853119.36,gi|479170689|ref|NC_021020.1|_Faecalibacterium_prausnitzii_SL3/3
NODE_505_length_906976_cov_6.853119.37,gi|479170689|ref|NC_021020.1|_Faecalibacterium_prausnitzii_SL3/3
NODE_505_length_906976_cov_6.853119.30,gi|479170689|ref|NC_021020.1|_Faecalibacterium_prausnitzii_SL3/3
NODE_505_length_906976_cov_6.853119.31,gi|479170689|ref|NC_021020.1|_Faecalibacterium_prausnitzii_SL3/3
NODE_103_length_20202_cov_8.395357.1,gi|390945347|ref|NC_018011.1|_Alistipes_finegoldii_DSM_17242
NODE_103_length_20202_cov_8.395357.0,gi|390945347|ref|NC_018011.1|_Alistipes_finegoldii_DSM_17242
NODE_275_length_149_cov_4.000000,gi|479185170|ref|NC_021030.1|_Alistipes_shahii_WAL_8301
NODE_505_length_906976_cov_6.853119.38,gi|479170689|ref|NC_021020.1|_Faecalibacterium_prausnitzii_SL3/3
NODE_505_length_906976_cov_6.853119.39,gi|479170689|ref|NC_021020.1|_Faecalibacterium_prausnitzii_SL3/3
NODE_354_length_192_cov_4.598958,gi|479185170|ref|NC_021030.1|_Alistipes_shahii_WAL_8301
NODE_390_length_121514_cov_8.358864.9,gi|390945347|ref|NC_018011.1|_Alistipes_finegoldii_DSM_17242
NODE_167_length_561_cov_3.935829,gi|390945347|ref|NC_018011.1|_Alistipes_finegoldii_DSM_17242
NODE_147_length_143_cov_4.006993,gi|479185170|ref|NC_021030.1|_Alistipes_shahii_WAL_8301
NODE_505_length_906976_cov_6.853119.33,gi|479170689|ref|NC_021020.1|_Faecalibacterium_prausnitzii_SL3/3
NODE_3_length_15564_cov_8.154202,gi|390945347|ref|NC_018011.1|_Alistipes_finegoldii_DSM_17242
NODE_39_length_339592_cov_8.189162.11,gi|390945347|ref|NC_018011.1|_Alistipes_finegoldii_DSM_17242
NODE_39_length_339592_cov_8.189162.10,gi|390945347|ref|NC_018011.1|_Alistipes_finegoldii_DSM_17242
NODE_39_length_339592_cov_8.189162.13,gi|390945347|ref|NC_018011.1|_Alistipes_finegoldii_DSM_17242
NODE_39_length_339592_cov_8.189162.12,gi|390945347|ref|NC_018011.1|_Alistipes_finegoldii_DSM_17242
NODE_39_length_339592_cov_8.189162.15,gi|390945347|ref|NC_018011.1|_Alistipes_finegoldii_DSM_17242
NODE_39_length_339592_cov_8.189162.14,gi|390945347|ref|NC_018011.1|_Alistipes_finegoldii_DSM_17242
NODE_39_length_339592_cov_8.189162.17,gi|390945347|ref|NC_018011.1|_Alistipes_finegoldii_DSM_17242
NODE_39_length_339592_cov_8.189162.16,gi|390945347|ref|NC_018011.1|_Alistipes_finegoldii_DSM_17242
NODE_39_length_339592_cov_8.189162.19,gi|390945347|ref|NC_018011.1|_Alistipes_finegoldii_DSM_17242
NODE_39_length_339592_cov_8.189162.18,gi|390945347|ref|NC_018011.1|_Alistipes_finegoldii_DSM_17242
NODE_179_length_197611_cov_8.217700.11,gi|390945347|ref|NC_018011.1|_Alistipes_finegoldii_DSM_17242
NODE_179_length_197611_cov_8.217700.10,gi|390945347|ref|NC_018011.1|_Alistipes_finegoldii_DSM_17242
NODE_179_length_197611_cov_8.217700.17,gi|390945347|ref|NC_018011.1|_Alistipes_finegoldii_DSM_17242
NODE_179_length_197611_cov_8.217700.16,gi|390945347|ref|NC_018011.1|_Alistipes_finegoldii_DSM_17242
NODE_179_length_197611_cov_8.217700.15,gi|390945347|ref|NC_018011.1|_Alistipes_finegoldii_DSM_17242
NODE_179_length_197611_cov_8.217700.14,gi|390945347|ref|NC_018011.1|_Alistipes_finegoldii_DSM_17242
NODE_359_length_236_cov_14.555085,NA
NODE_363_length_56311_cov_8.373550.3,gi|390945347|ref|NC_018011.1|_Alistipes_finegoldii_DSM_17242
NODE_390_length_121514_cov_8.358864.1,gi|390945347|ref|NC_018011.1|_Alistipes_finegoldii_DSM_17242
NODE_139_length_737_cov_17.924017,gi|390945347|ref|NC_018011.1|_Alistipes_finegoldii_DSM_17242
NODE_254_length_191233_cov_8.270398.0,gi|390945347|ref|NC_018011.1|_Alistipes_finegoldii_DSM_17242
NODE_390_length_121514_cov_8.358864.6,gi|390945347|ref|NC_018011.1|_Alistipes_finegoldii_DSM_17242
NODE_404_length_79_cov_15.430380,NA
NODE_494_length_527700_cov_6.812331.39,gi|479170689|ref|NC_021020.1|_Faecalibacterium_prausnitzii_SL3/3
NODE_453_length_138_cov_16.963768,NA
NODE_361_length_352602_cov_6.831901.27,gi|479170689|ref|NC_021020.1|_Faecalibacterium_prausnitzii_SL3/3
NODE_64_length_358694_cov_6.830965.9,gi|479170689|ref|NC_021020.1|_Faecalibacterium_prausnitzii_SL3/3
NODE_64_length_358694_cov_6.830965.8,gi|479170689|ref|NC_021020.1|_Faecalibacterium_prausnitzii_SL3/3
NODE_309_length_63619_cov_8.319213.4,gi|390945347|ref|NC_018011.1|_Alistipes_finegoldii_DSM_17242
NODE_64_length_358694_cov_6.830965.5,gi|479170689|ref|NC_021020.1|_Faecalibacterium_prausnitzii_SL3/3
NODE_64_length_358694_cov_6.830965.4,gi|479170689|ref|NC_021020.1|_Faecalibacterium_prausnitzii_SL3/3
NODE_64_length_358694_cov_6.830965.7,gi|479170689|ref|NC_021020.1|_Faecalibacterium_prausnitzii_SL3/3
NODE_64_length_358694_cov_6.830965.6,gi|479170689|ref|NC_021020.1|_Faecalibacterium_prausnitzii_SL3/3
NODE_64_length_358694_cov_6.830965.1,gi|479170689|ref|NC_021020.1|_Faecalibacterium_prausnitzii_SL3/3
NODE_64_length_358694_cov_6.830965.0,gi|479170689|ref|NC_021020.1|_Faecalibacterium_prausnitzii_SL3/3
NODE_64_length_358694_cov_6.830965.3,gi|479170689|ref|NC_021020.1|_Faecalibacterium_prausnitzii_SL3/3
NODE_64_length_358694_cov_6.830965.2,gi|479170689|ref|NC_021020.1|_Faecalibacterium_prausnitzii_SL3/3
NODE_474_length_151_cov_4.576159,gi|479185170|ref|NC_021030.1|_Alistipes_shahii_WAL_8301
NODE_494_length_527700_cov_6.812331.33,gi|479170689|ref|NC_021020.1|_Faecalibacterium_prausnitzii_SL3/3
NODE_9_length_28909_cov_10.362067.0,gi|390945347|ref|NC_018011.1|_Alistipes_finegoldii_DSM_17242
NODE_363_length_56311_cov_8.373550.2,gi|390945347|ref|NC_018011.1|_Alistipes_finegoldii_DSM_17242
NODE_64_length_358694_cov_6.830965.26,gi|479170689|ref|NC_021020.1|_Faecalibacterium_prausnitzii_SL3/3
NODE_363_length_56311_cov_8.373550.0,gi|390945347|ref|NC_018011.1|_Alistipes_finegoldii_DSM_17242
NODE_9_length_28909_cov_10.362067.1,gi|390945347|ref|NC_018011.1|_Alistipes_finegoldii_DSM_17242
NODE_361_length_352602_cov_6.831901.18,gi|479170689|ref|NC_021020.1|_Faecalibacterium_prausnitzii_SL3/3
NODE_361_length_352602_cov_6.831901.19,gi|479170689|ref|NC_021020.1|_Faecalibacterium_prausnitzii_SL3/3
NODE_29_length_44540_cov_9.429951.3,gi|390945347|ref|NC_018011.1|_Alistipes_finegoldii_DSM_17242
NODE_29_length_44540_cov_9.429951.2,gi|390945347|ref|NC_018011.1|_Alistipes_finegoldii_DSM_17242
NODE_29_length_44540_cov_9.429951.1,gi|390945347|ref|NC_018011.1|_Alistipes_finegoldii_DSM_17242
NODE_29_length_44540_cov_9.429951.0,gi|390945347|ref|NC_018011.1|_Alistipes_finegoldii_DSM_17242
NODE_361_length_352602_cov_6.831901.12,gi|479170689|ref|NC_021020.1|_Faecalibacterium_prausnitzii_SL3/3
NODE_361_length_352602_cov_6.831901.13,gi|479170689|ref|NC_021020.1|_Faecalibacterium_prausnitzii_SL3/3
NODE_361_length_352602_cov_6.831901.10,gi|479170689|ref|NC_021020.1|_Faecalibacterium_prausnitzii_SL3/3
NODE_361_length_352602_cov_6.831901.11,gi|479170689|ref|NC_021020.1|_Faecalibacterium_prausnitzii_SL3/3
NODE_216_length_305319_cov_6.901228.25,gi|479170689|ref|NC_021020.1|_Faecalibacterium_prausnitzii_SL3/3
NODE_216_length_305319_cov_6.901228.24,gi|479170689|ref|NC_021020.1|_Faecalibacterium_prausnitzii_SL3/3
NODE_216_length_305319_cov_6.901228.27,gi|479170689|ref|NC_021020.1|_Faecalibacterium_prausnitzii_SL3/3
NODE_216_length_305319_cov_6.901228.26,gi|479170689|ref|NC_021020.1|_Faecalibacterium_prausnitzii_SL3/3
NODE_216_length_305319_cov_6.901228.21,gi|479170689|ref|NC_021020.1|_Faecalibacterium_prausnitzii_SL3/3
NODE_216_length_305319_cov_6.901228.20,gi|479170689|ref|NC_021020.1|_Faecalibacterium_prausnitzii_SL3/3
NODE_216_length_305319_cov_6.901228.23,gi|479170689|ref|NC_021020.1|_Faecalibacterium_prausnitzii_SL3/3
NODE_216_length_305319_cov_6.901228.22,gi|479170689|ref|NC_021020.1|_Faecalibacterium_prausnitzii_SL3/3
NODE_494_length_527700_cov_6.812331.35,gi|479170689|ref|NC_021020.1|_Faecalibacterium_prausnitzii_SL3/3
NODE_216_length_305319_cov_6.901228.29,gi|479170689|ref|NC_021020.1|_Faecalibacterium_prausnitzii_SL3/3
NODE_216_length_305319_cov_6.901228.28,gi|479170689|ref|NC_021020.1|_Faecalibacterium_prausnitzii_SL3/3
NODE_140_length_621_cov_14.106280,gi|390945347|ref|NC_018011.1|_Alistipes_finegoldii_DSM_17242
NODE_258_length_263280_cov_8.177872.0,gi|390945347|ref|NC_018011.1|_Alistipes_finegoldii_DSM_17242
NODE_220_length_159_cov_4.037736,gi|479185170|ref|NC_021030.1|_Alistipes_shahii_WAL_8301
NODE_158_length_633_cov_19.135860,gi|390945347|ref|NC_018011.1|_Alistipes_finegoldii_DSM_17242
NODE_155_length_487_cov_20.540041,gi|390945347|ref|NC_018011.1|_Alistipes_finegoldii_DSM_17242
NODE_54_length_294_cov_20.802721,gi|390945347|ref|NC_018011.1|_Alistipes_finegoldii_DSM_17242
NODE_250_length_251161_cov_8.263253.2,gi|390945347|ref|NC_018011.1|_Alistipes_finegoldii_DSM_17242
NODE_250_length_251161_cov_8.263253.3,gi|390945347|ref|NC_018011.1|_Alistipes_finegoldii_DSM_17242
NODE_250_length_251161_cov_8.263253.0,gi|390945347|ref|NC_018011.1|_Alistipes_finegoldii_DSM_17242
NODE_250_length_251161_cov_8.263253.1,gi|390945347|ref|NC_018011.1|_Alistipes_finegoldii_DSM_17242
NODE_250_length_251161_cov_8.263253.6,gi|390945347|ref|NC_018011.1|_Alistipes_finegoldii_DSM_17242
NODE_228_length_131_cov_10.335877,gi|390945347|ref|NC_018011.1|_Alistipes_finegoldii_DSM_17242
NODE_250_length_251161_cov_8.263253.4,gi|390945347|ref|NC_018011.1|_Alistipes_finegoldii_DSM_17242
NODE_250_length_251161_cov_8.263253.5,gi|390945347|ref|NC_018011.1|_Alistipes_finegoldii_DSM_17242
NODE_258_length_263280_cov_8.177872.4,gi|390945347|ref|NC_018011.1|_Alistipes_finegoldii_DSM_17242
NODE_250_length_251161_cov_8.263253.8,gi|390945347|ref|NC_018011.1|_Alistipes_finegoldii_DSM_17242
NODE_250_length_251161_cov_8.263253.9,gi|390945347|ref|NC_018011.1|_Alistipes_finegoldii_DSM_17242
NODE_435_length_106_cov_15.320755,NA
NODE_250_length_251161_cov_8.263253.11,gi|390945347|ref|NC_018011.1|_Alistipes_finegoldii_DSM_17242
NODE_494_length_527700_cov_6.812331.38,gi|479170689|ref|NC_021020.1|_Faecalibacterium_prausnitzii_SL3/3
NODE_430_length_143_cov_4.104895,gi|479185170|ref|NC_021030.1|_Alistipes_shahii_WAL_8301
NODE_250_length_251161_cov_8.263253.12,gi|390945347|ref|NC_018011.1|_Alistipes_finegoldii_DSM_17242
NODE_64_length_358694_cov_6.830965.33,gi|479170689|ref|NC_021020.1|_Faecalibacterium_prausnitzii_SL3/3
NODE_64_length_358694_cov_6.830965.32,gi|479170689|ref|NC_021020.1|_Faecalibacterium_prausnitzii_SL3/3
NODE_64_length_358694_cov_6.830965.31,gi|479170689|ref|NC_021020.1|_Faecalibacterium_prausnitzii_SL3/3
NODE_64_length_358694_cov_6.830965.30,gi|479170689|ref|NC_021020.1|_Faecalibacterium_prausnitzii_SL3/3
NODE_494_length_527700_cov_6.812331.36,gi|479170689|ref|NC_021020.1|_Faecalibacterium_prausnitzii_SL3/3
NODE_385_length_89_cov_11.898876,NA
NODE_494_length_527700_cov_6.812331.34,gi|479170689|ref|NC_021020.1|_Faecalibacterium_prausnitzii_SL3/3
NODE_64_length_358694_cov_6.830965.34,gi|479170689|ref|NC_021020.1|_Faecalibacterium_prausnitzii_SL3/3
NODE_489_length_157263_cov_6.771033.10,gi|479170689|ref|NC_021020.1|_Faecalibacterium_prausnitzii_SL3/3
NODE_489_length_157263_cov_6.771033.11,gi|479170689|ref|NC_021020.1|_Faecalibacterium_prausnitzii_SL3/3
NODE_489_length_157263_cov_6.771033.12,gi|479170689|ref|NC_021020.1|_Faecalibacterium_prausnitzii_SL3/3
NODE_128_length_532_cov_17.454887,gi|390945347|ref|NC_018011.1|_Alistipes_finegoldii_DSM_17242
NODE_489_length_157263_cov_6.771033.14,gi|479170689|ref|NC_021020.1|_Faecalibacterium_prausnitzii_SL3/3
NODE_86_length_30952_cov_8.371123.0,gi|390945347|ref|NC_018011.1|_Alistipes_finegoldii_DSM_17242
NODE_235_length_90026_cov_8.272466.0,gi|390945347|ref|NC_018011.1|_Alistipes_finegoldii_DSM_17242
NODE_178_length_157_cov_4.726115,gi|479185170|ref|NC_021030.1|_Alistipes_shahii_WAL_8301
NODE_505_length_906976_cov_6.853119.49,gi|479170689|ref|NC_021020.1|_Faecalibacterium_prausnitzii_SL3/3
NODE_505_length_906976_cov_6.853119.48,gi|479170689|ref|NC_021020.1|_Faecalibacterium_prausnitzii_SL3/3
NODE_108_length_1232_cov_16.167208,gi|390945347|ref|NC_018011.1|_Alistipes_finegoldii_DSM_17242
NODE_398_length_152_cov_4.164474,gi|479185170|ref|NC_021030.1|_Alistipes_shahii_WAL_8301
NODE_144_length_71_cov_8.492958,NA
NODE_73_length_883_cov_8.784824,gi|390945347|ref|NC_018011.1|_Alistipes_finegoldii_DSM_17242
NODE_230_length_269_cov_4.003717,gi|479185170|ref|NC_021030.1|_Alistipes_shahii_WAL_8301
NODE_351_length_354039_cov_6.840114.34,gi|479170689|ref|NC_021020.1|_Faecalibacterium_prausnitzii_SL3/3
NODE_424_length_293_cov_4.006826,gi|479185170|ref|NC_021030.1|_Alistipes_shahii_WAL_8301
NODE_351_length_354039_cov_6.840114.31,gi|479170689|ref|NC_021020.1|_Faecalibacterium_prausnitzii_SL3/3
NODE_351_length_354039_cov_6.840114.30,gi|479170689|ref|NC_021020.1|_Faecalibacterium_prausnitzii_SL3/3
NODE_351_length_354039_cov_6.840114.33,gi|479170689|ref|NC_021020.1|_Faecalibacterium_prausnitzii_SL3/3
NODE_351_length_354039_cov_6.840114.32,gi|479170689|ref|NC_021020.1|_Faecalibacterium_prausnitzii_SL3/3
NODE_94_length_21295_cov_9.556140.0,gi|390945347|ref|NC_018011.1|_Alistipes_finegoldii_DSM_17242
NODE_94_length_21295_cov_9.556140.1,gi|390945347|ref|NC_018011.1|_Alistipes_finegoldii_DSM_17242
NODE_386_length_205_cov_4.151219,gi|479185170|ref|NC_021030.1|_Alistipes_shahii_WAL_8301
NODE_150_length_96_cov_47.156250,gi|390945347|ref|NC_018011.1|_Alistipes_finegoldii_DSM_17242
NODE_347_length_1627_cov_5.590043,gi|390945347|ref|NC_018011.1|_Alistipes_finegoldii_DSM_17242
NODE_415_length_146_cov_4.205480,gi|479185170|ref|NC_021030.1|_Alistipes_shahii_WAL_8301
NODE_361_length_352602_cov_6.831901.17,gi|479170689|ref|NC_021020.1|_Faecalibacterium_prausnitzii_SL3/3
NODE_288_length_174_cov_4.316092,gi|479185170|ref|NC_021030.1|_Alistipes_shahii_WAL_8301
NODE_22_length_1092_cov_17.170330,gi|390945347|ref|NC_018011.1|_Alistipes_finegoldii_DSM_17242
NODE_116_length_203_cov_4.093596,gi|479185170|ref|NC_021030.1|_Alistipes_shahii_WAL_8301
NODE_236_length_61287_cov_8.171537.4,gi|390945347|ref|NC_018011.1|_Alistipes_finegoldii_DSM_17242
NODE_505_length_906976_cov_6.853119.69,gi|479170689|ref|NC_021020.1|_Faecalibacterium_prausnitzii_SL3/3
NODE_505_length_906976_cov_6.853119.68,gi|479170689|ref|NC_021020.1|_Faecalibacterium_prausnitzii_SL3/3
NODE_85_length_156_cov_4.275641,gi|325278757|ref|NC_015160.1|_Odoribacter_splanchnicus_DSM_20712
NODE_505_length_906976_cov_6.853119.66,gi|479170689|ref|NC_021020.1|_Faecalibacterium_prausnitzii_SL3/3
NODE_505_length_906976_cov_6.853119.65,gi|479170689|ref|NC_021020.1|_Faecalibacterium_prausnitzii_SL3/3
NODE_505_length_906976_cov_6.853119.64,gi|479170689|ref|NC_021020.1|_Faecalibacterium_prausnitzii_SL3/3
NODE_505_length_906976_cov_6.853119.63,gi|479170689|ref|NC_021020.1|_Faecalibacterium_prausnitzii_SL3/3
NODE_505_length_906976_cov_6.853119.62,gi|479170689|ref|NC_021020.1|_Faecalibacterium_prausnitzii_SL3/3
NODE_505_length_906976_cov_6.853119.61,gi|479170689|ref|NC_021020.1|_Faecalibacterium_prausnitzii_SL3/3
NODE_505_length_906976_cov_6.853119.60,gi|479170689|ref|NC_021020.1|_Faecalibacterium_prausnitzii_SL3/3
NODE_129_length_160323_cov_8.254436.13,gi|390945347|ref|NC_018011.1|_Alistipes_finegoldii_DSM_17242
NODE_129_length_160323_cov_8.254436.12,gi|390945347|ref|NC_018011.1|_Alistipes_finegoldii_DSM_17242
NODE_129_length_160323_cov_8.254436.11,gi|390945347|ref|NC_018011.1|_Alistipes_finegoldii_DSM_17242
NODE_129_length_160323_cov_8.254436.10,gi|390945347|ref|NC_018011.1|_Alistipes_finegoldii_DSM_17242
NODE_129_length_160323_cov_8.254436.15,gi|390945347|ref|NC_018011.1|_Alistipes_finegoldii_DSM_17242
NODE_129_length_160323_cov_8.254436.14,gi|390945347|ref|NC_018011.1|_Alistipes_finegoldii_DSM_17242
NODE_505_length_906976_cov_6.853119.16,gi|479170689|ref|NC_021020.1|_Faecalibacterium_prausnitzii_SL3/3
NODE_505_length_906976_cov_6.853119.41,gi|479170689|ref|NC_021020.1|_Faecalibacterium_prausnitzii_SL3/3
NODE_344_length_591_cov_7.949239,gi|390945347|ref|NC_018011.1|_Alistipes_finegoldii_DSM_17242
NODE_505_length_906976_cov_6.853119.14,gi|479170689|ref|NC_021020.1|_Faecalibacterium_prausnitzii_SL3/3
NODE_505_length_906976_cov_6.853119.15,gi|479170689|ref|NC_021020.1|_Faecalibacterium_prausnitzii_SL3/3
NODE_132_length_71_cov_36.070423,gi|390945347|ref|NC_018011.1|_Alistipes_finegoldii_DSM_17242
NODE_258_length_263280_cov_8.177872.11,gi|390945347|ref|NC_018011.1|_Alistipes_finegoldii_DSM_17242
NODE_428_length_146_cov_4.260274,gi|479185170|ref|NC_021030.1|_Alistipes_shahii_WAL_8301
NODE_261_length_321461_cov_8.199894.29,gi|390945347|ref|NC_018011.1|_Alistipes_finegoldii_DSM_17242
NODE_261_length_321461_cov_8.199894.28,gi|390945347|ref|NC_018011.1|_Alistipes_finegoldii_DSM_17242
NODE_109_length_178_cov_16.084270,NA
NODE_261_length_321461_cov_8.199894.23,gi|390945347|ref|NC_018011.1|_Alistipes_finegoldii_DSM_17242
NODE_261_length_321461_cov_8.199894.22,gi|390945347|ref|NC_018011.1|_Alistipes_finegoldii_DSM_17242
NODE_95_length_95_cov_16.063158,gi|390945347|ref|NC_018011.1|_Alistipes_finegoldii_DSM_17242
NODE_261_length_321461_cov_8.199894.20,gi|390945347|ref|NC_018011.1|_Alistipes_finegoldii_DSM_17242
NODE_261_length_321461_cov_8.199894.27,gi|390945347|ref|NC_018011.1|_Alistipes_finegoldii_DSM_17242
NODE_261_length_321461_cov_8.199894.26,gi|390945347|ref|NC_018011.1|_Alistipes_finegoldii_DSM_17242
NODE_261_length_321461_cov_8.199894.25,gi|390945347|ref|NC_018011.1|_Alistipes_finegoldii_DSM_17242
NODE_261_length_321461_cov_8.199894.24,gi|390945347|ref|NC_018011.1|_Alistipes_finegoldii_DSM_17242
NODE_20_length_1174_cov_71.271721,gi|390945347|ref|NC_018011.1|_Alistipes_finegoldii_DSM_17242
NODE_242_length_125_cov_17.591999,NA
NODE_43_length_3201_cov_17.114964,gi|390945347|ref|NC_018011.1|_Alistipes_finegoldii_DSM_17242
NODE_57_length_427_cov_83.281029,gi|390945347|ref|NC_018011.1|_Alistipes_finegoldii_DSM_17242
NODE_246_length_206288_cov_6.775057.1,gi|479170689|ref|NC_021020.1|_Faecalibacterium_prausnitzii_SL3/3
NODE_246_length_206288_cov_6.775057.0,gi|479170689|ref|NC_021020.1|_Faecalibacterium_prausnitzii_SL3/3
NODE_246_length_206288_cov_6.775057.3,gi|479170689|ref|NC_021020.1|_Faecalibacterium_prausnitzii_SL3/3
NODE_246_length_206288_cov_6.775057.2,gi|479170689|ref|NC_021020.1|_Faecalibacterium_prausnitzii_SL3/3
NODE_246_length_206288_cov_6.775057.5,gi|479170689|ref|NC_021020.1|_Faecalibacterium_prausnitzii_SL3/3
NODE_246_length_206288_cov_6.775057.4,gi|479170689|ref|NC_021020.1|_Faecalibacterium_prausnitzii_SL3/3
NODE_246_length_206288_cov_6.775057.7,gi|479170689|ref|NC_021020.1|_Faecalibacterium_prausnitzii_SL3/3
NODE_246_length_206288_cov_6.775057.6,gi|479170689|ref|NC_021020.1|_Faecalibacterium_prausnitzii_SL3/3
NODE_246_length_206288_cov_6.775057.9,gi|479170689|ref|NC_021020.1|_Faecalibacterium_prausnitzii_SL3/3
NODE_246_length_206288_cov_6.775057.8,gi|479170689|ref|NC_021020.1|_Faecalibacterium_prausnitzii_SL3/3
NODE_76_length_145_cov_4.200000,gi|479213596|ref|NC_021044.1|_Eubacterium_rectale_M104/1
NODE_159_length_105_cov_17.923809,NA
NODE_318_length_176_cov_4.369318,gi|479185170|ref|NC_021030.1|_Alistipes_shahii_WAL_8301
NODE_405_length_96_cov_16.645834,gi|390945347|ref|NC_018011.1|_Alistipes_finegoldii_DSM_17242
NODE_420_length_438_cov_25.828768,gi|390945347|ref|NC_018011.1|_Alistipes_finegoldii_DSM_17242
NODE_191_length_2593_cov_10.080987,gi|390945347|ref|NC_018011.1|_Alistipes_finegoldii_DSM_17242
NODE_171_length_460_cov_19.934782,gi|390945347|ref|NC_018011.1|_Alistipes_finegoldii_DSM_17242
NODE_283_length_165_cov_4.200000,gi|479185170|ref|NC_021030.1|_Alistipes_shahii_WAL_8301
NODE_505_length_906976_cov_6.853119.4,gi|479170689|ref|NC_021020.1|_Faecalibacterium_prausnitzii_SL3/3
NODE_100_length_1535_cov_6.691205,gi|325278757|ref|NC_015160.1|_Odoribacter_splanchnicus_DSM_20712
NODE_243_length_73_cov_15.643836,NA
NODE_250_length_251161_cov_8.263253.15,gi|390945347|ref|NC_018011.1|_Alistipes_finegoldii_DSM_17242
NODE_107_length_7609_cov_8.569195,gi|390945347|ref|NC_018011.1|_Alistipes_finegoldii_DSM_17242
NODE_21_length_182_cov_59.115383,gi|390945347|ref|NC_018011.1|_Alistipes_finegoldii_DSM_17242
NODE_213_length_120_cov_13.925000,NA
NODE_467_length_146_cov_4.130137,gi|479185170|ref|NC_021030.1|_Alistipes_shahii_WAL_8301
NODE_425_length_205_cov_4.321951,gi|479185170|ref|NC_021030.1|_Alistipes_shahii_WAL_8301
NODE_361_length_352602_cov_6.831901.33,gi|479170689|ref|NC_021020.1|_Faecalibacterium_prausnitzii_SL3/3
NODE_35_length_465_cov_4.294624,gi|479185170|ref|NC_021030.1|_Alistipes_shahii_WAL_8301
NODE_115_length_78252_cov_8.512166.1,gi|390945347|ref|NC_018011.1|_Alistipes_finegoldii_DSM_17242
NODE_115_length_78252_cov_8.512166.0,gi|390945347|ref|NC_018011.1|_Alistipes_finegoldii_DSM_17242
NODE_115_length_78252_cov_8.512166.3,gi|390945347|ref|NC_018011.1|_Alistipes_finegoldii_DSM_17242
NODE_115_length_78252_cov_8.512166.2,gi|390945347|ref|NC_018011.1|_Alistipes_finegoldii_DSM_17242
NODE_115_length_78252_cov_8.512166.5,gi|390945347|ref|NC_018011.1|_Alistipes_finegoldii_DSM_17242
NODE_115_length_78252_cov_8.512166.4,gi|390945347|ref|NC_018011.1|_Alistipes_finegoldii_DSM_17242
NODE_115_length_78252_cov_8.512166.6,gi|390945347|ref|NC_018011.1|_Alistipes_finegoldii_DSM_17242
NODE_489_length_157263_cov_6.771033.2,gi|479170689|ref|NC_021020.1|_Faecalibacterium_prausnitzii_SL3/3
NODE_88_length_621_cov_17.723028,gi|390945347|ref|NC_018011.1|_Alistipes_finegoldii_DSM_17242
NODE_302_length_152_cov_4.171052,gi|479185170|ref|NC_021030.1|_Alistipes_shahii_WAL_8301
NODE_271_length_164_cov_15.048780,gi|390945347|ref|NC_018011.1|_Alistipes_finegoldii_DSM_17242
NODE_44_length_80_cov_17.000000,NA
NODE_323_length_178_cov_17.000000,NA
NODE_188_length_948_cov_28.155064,gi|390945347|ref|NC_018011.1|_Alistipes_finegoldii_DSM_17242
NODE_321_length_100_cov_16.500000,NA
NODE_250_length_251161_cov_8.263253.23,gi|390945347|ref|NC_018011.1|_Alistipes_finegoldii_DSM_17242
NODE_505_length_906976_cov_6.853119.23,gi|479170689|ref|NC_021020.1|_Faecalibacterium_prausnitzii_SL3/3
NODE_505_length_906976_cov_6.853119.22,gi|479170689|ref|NC_021020.1|_Faecalibacterium_prausnitzii_SL3/3
NODE_505_length_906976_cov_6.853119.21,gi|479170689|ref|NC_021020.1|_Faecalibacterium_prausnitzii_SL3/3
NODE_505_length_906976_cov_6.853119.20,gi|479170689|ref|NC_021020.1|_Faecalibacterium_prausnitzii_SL3/3
NODE_505_length_906976_cov_6.853119.27,gi|479170689|ref|NC_021020.1|_Faecalibacterium_prausnitzii_SL3/3
NODE_505_length_906976_cov_6.853119.26,gi|479170689|ref|NC_021020.1|_Faecalibacterium_prausnitzii_SL3/3
NODE_505_length_906976_cov_6.853119.25,gi|479170689|ref|NC_021020.1|_Faecalibacterium_prausnitzii_SL3/3
NODE_505_length_906976_cov_6.853119.24,gi|479170689|ref|NC_021020.1|_Faecalibacterium_prausnitzii_SL3/3
NODE_505_length_906976_cov_6.853119.29,gi|479170689|ref|NC_021020.1|_Faecalibacterium_prausnitzii_SL3/3
NODE_505_length_906976_cov_6.853119.28,gi|479170689|ref|NC_021020.1|_Faecalibacterium_prausnitzii_SL3/3
NODE_501_length_2698_cov_4.403262,gi|52421214|ref|NC_006297.1|_Bacteroides_fragilis_YCH46
NODE_83_length_30959_cov_8.206402.2,gi|390945347|ref|NC_018011.1|_Alistipes_finegoldii_DSM_17242
NODE_83_length_30959_cov_8.206402.1,gi|390945347|ref|NC_018011.1|_Alistipes_finegoldii_DSM_17242
NODE_83_length_30959_cov_8.206402.0,gi|390945347|ref|NC_018011.1|_Alistipes_finegoldii_DSM_17242
NODE_382_length_136_cov_10.676471,gi|390945347|ref|NC_018011.1|_Alistipes_finegoldii_DSM_17242
NODE_449_length_1570_cov_6.334395,gi|390945347|ref|NC_018011.1|_Alistipes_finegoldii_DSM_17242
NODE_494_length_527700_cov_6.812331.3,gi|479170689|ref|NC_021020.1|_Faecalibacterium_prausnitzii_SL3/3
NODE_173_length_51809_cov_8.202050.0,gi|390945347|ref|NC_018011.1|_Alistipes_finegoldii_DSM_17242
NODE_437_length_112_cov_8.044642,gi|390945347|ref|NC_018011.1|_Alistipes_finegoldii_DSM_17242
NODE_250_length_251161_cov_8.263253.21,gi|390945347|ref|NC_018011.1|_Alistipes_finegoldii_DSM_17242
NODE_250_length_251161_cov_8.263253.20,gi|390945347|ref|NC_018011.1|_Alistipes_finegoldii_DSM_17242
NODE_180_length_447_cov_8.774049,gi|390945347|ref|NC_018011.1|_Alistipes_finegoldii_DSM_17242
NODE_250_length_251161_cov_8.263253.22,gi|390945347|ref|NC_018011.1|_Alistipes_finegoldii_DSM_17242
NODE_250_length_251161_cov_8.263253.24,gi|390945347|ref|NC_018011.1|_Alistipes_finegoldii_DSM_17242
NODE_368_length_95913_cov_8.145454.0,gi|390945347|ref|NC_018011.1|_Alistipes_finegoldii_DSM_17242
NODE_368_length_95913_cov_8.145454.1,gi|390945347|ref|NC_018011.1|_Alistipes_finegoldii_DSM_17242
NODE_368_length_95913_cov_8.145454.2,gi|390945347|ref|NC_018011.1|_Alistipes_finegoldii_DSM_17242
NODE_368_length_95913_cov_8.145454.3,gi|390945347|ref|NC_018011.1|_Alistipes_finegoldii_DSM_17242
NODE_368_length_95913_cov_8.145454.4,gi|390945347|ref|NC_018011.1|_Alistipes_finegoldii_DSM_17242
NODE_368_length_95913_cov_8.145454.5,gi|390945347|ref|NC_018011.1|_Alistipes_finegoldii_DSM_17242
NODE_368_length_95913_cov_8.145454.6,gi|390945347|ref|NC_018011.1|_Alistipes_finegoldii_DSM_17242
NODE_368_length_95913_cov_8.145454.7,gi|390945347|ref|NC_018011.1|_Alistipes_finegoldii_DSM_17242
NODE_368_length_95913_cov_8.145454.8,gi|390945347|ref|NC_018011.1|_Alistipes_finegoldii_DSM_17242
NODE_124_length_407_cov_4.159705,gi|479185170|ref|NC_021030.1|_Alistipes_shahii_WAL_8301
NODE_10_length_186_cov_4.327957,gi|479185170|ref|NC_021030.1|_Alistipes_shahii_WAL_8301
NODE_224_length_102_cov_7.519608,gi|390945347|ref|NC_018011.1|_Alistipes_finegoldii_DSM_17242
NODE_190_length_252_cov_4.289682,gi|479185170|ref|NC_021030.1|_Alistipes_shahii_WAL_8301
NODE_236_length_61287_cov_8.171537.2,gi|390945347|ref|NC_018011.1|_Alistipes_finegoldii_DSM_17242
NODE_236_length_61287_cov_8.171537.3,gi|390945347|ref|NC_018011.1|_Alistipes_finegoldii_DSM_17242
NODE_236_length_61287_cov_8.171537.0,gi|390945347|ref|NC_018011.1|_Alistipes_finegoldii_DSM_17242
NODE_236_length_61287_cov_8.171537.1,gi|390945347|ref|NC_018011.1|_Alistipes_finegoldii_DSM_17242
NODE_61_length_327_cov_4.180428,gi|479185170|ref|NC_021030.1|_Alistipes_shahii_WAL_8301
NODE_86_length_30952_cov_8.371123.1,gi|390945347|ref|NC_018011.1|_Alistipes_finegoldii_DSM_17242
NODE_86_length_30952_cov_8.371123.2,gi|390945347|ref|NC_018011.1|_Alistipes_finegoldii_DSM_17242
NODE_236_length_61287_cov_8.171537.5,gi|390945347|ref|NC_018011.1|_Alistipes_finegoldii_DSM_17242
NODE_193_length_95_cov_13.178947,NA
NODE_294_length_210_cov_4.066667,gi|479185170|ref|NC_021030.1|_Alistipes_shahii_WAL_8301
NODE_378_length_80_cov_13.087500,NA
NODE_505_length_906976_cov_6.853119.56,gi|479170689|ref|NC_021020.1|_Faecalibacterium_prausnitzii_SL3/3
NODE_505_length_906976_cov_6.853119.57,gi|479170689|ref|NC_021020.1|_Faecalibacterium_prausnitzii_SL3/3
NODE_505_length_906976_cov_6.853119.54,gi|479170689|ref|NC_021020.1|_Faecalibacterium_prausnitzii_SL3/3
NODE_505_length_906976_cov_6.853119.55,gi|479170689|ref|NC_021020.1|_Faecalibacterium_prausnitzii_SL3/3
NODE_114_length_4896_cov_18.356821,gi|390945347|ref|NC_018011.1|_Alistipes_finegoldii_DSM_17242
NODE_505_length_906976_cov_6.853119.53,gi|479170689|ref|NC_021020.1|_Faecalibacterium_prausnitzii_SL3/3
NODE_505_length_906976_cov_6.853119.50,gi|479170689|ref|NC_021020.1|_Faecalibacterium_prausnitzii_SL3/3
NODE_505_length_906976_cov_6.853119.51,gi|479170689|ref|NC_021020.1|_Faecalibacterium_prausnitzii_SL3/3
NODE_48_length_508_cov_83.692917,gi|390945347|ref|NC_018011.1|_Alistipes_finegoldii_DSM_17242
NODE_106_length_2172_cov_16.183702,gi|390945347|ref|NC_018011.1|_Alistipes_finegoldii_DSM_17242
NODE_505_length_906976_cov_6.853119.58,gi|479170689|ref|NC_021020.1|_Faecalibacterium_prausnitzii_SL3/3
NODE_505_length_906976_cov_6.853119.59,gi|479170689|ref|NC_021020.1|_Faecalibacterium_prausnitzii_SL3/3
NODE_494_length_527700_cov_6.812331.1,gi|479170689|ref|NC_021020.1|_Faecalibacterium_prausnitzii_SL3/3
NODE_250_length_251161_cov_8.263253.13,gi|390945347|ref|NC_018011.1|_Alistipes_finegoldii_DSM_17242
NODE_37_length_2911_cov_16.829613,gi|390945347|ref|NC_018011.1|_Alistipes_finegoldii_DSM_17242
NODE_177_length_270_cov_4.218519,gi|479185170|ref|NC_021030.1|_Alistipes_shahii_WAL_8301
NODE_136_length_245_cov_4.302041,gi|479185170|ref|NC_021030.1|_Alistipes_shahii_WAL_8301
NODE_23_length_107_cov_17.261683,gi|390945347|ref|NC_018011.1|_Alistipes_finegoldii_DSM_17242
NODE_285_length_433_cov_5.106236,gi|390945347|ref|NC_018011.1|_Alistipes_finegoldii_DSM_17242
NODE_472_length_226_cov_4.362832,gi|479185170|ref|NC_021030.1|_Alistipes_shahii_WAL_8301
NODE_355_length_292_cov_4.051370,gi|479185170|ref|NC_021030.1|_Alistipes_shahii_WAL_8301
NODE_258_length_263280_cov_8.177872.19,gi|390945347|ref|NC_018011.1|_Alistipes_finegoldii_DSM_17242
NODE_216_length_305319_cov_6.901228.12,gi|479170689|ref|NC_021020.1|_Faecalibacterium_prausnitzii_SL3/3
NODE_261_length_321461_cov_8.199894.12,gi|390945347|ref|NC_018011.1|_Alistipes_finegoldii_DSM_17242
NODE_261_length_321461_cov_8.199894.13,gi|390945347|ref|NC_018011.1|_Alistipes_finegoldii_DSM_17242
NODE_258_length_263280_cov_8.177872.2,gi|390945347|ref|NC_018011.1|_Alistipes_finegoldii_DSM_17242
NODE_261_length_321461_cov_8.199894.11,gi|390945347|ref|NC_018011.1|_Alistipes_finegoldii_DSM_17242
NODE_261_length_321461_cov_8.199894.16,gi|390945347|ref|NC_018011.1|_Alistipes_finegoldii_DSM_17242
NODE_69_length_3809_cov_9.583093,gi|390945347|ref|NC_018011.1|_Alistipes_finegoldii_DSM_17242
NODE_261_length_321461_cov_8.199894.14,gi|390945347|ref|NC_018011.1|_Alistipes_finegoldii_DSM_17242
NODE_261_length_321461_cov_8.199894.15,gi|390945347|ref|NC_018011.1|_Alistipes_finegoldii_DSM_17242
NODE_377_length_184_cov_4.445652,gi|479185170|ref|NC_021030.1|_Alistipes_shahii_WAL_8301
NODE_261_length_321461_cov_8.199894.18,gi|390945347|ref|NC_018011.1|_Alistipes_finegoldii_DSM_17242
NODE_261_length_321461_cov_8.199894.19,gi|390945347|ref|NC_018011.1|_Alistipes_finegoldii_DSM_17242
NODE_216_length_305319_cov_6.901228.10,gi|479170689|ref|NC_021020.1|_Faecalibacterium_prausnitzii_SL3/3
NODE_216_length_305319_cov_6.901228.11,gi|479170689|ref|NC_021020.1|_Faecalibacterium_prausnitzii_SL3/3
NODE_179_length_197611_cov_8.217700.9,gi|390945347|ref|NC_018011.1|_Alistipes_finegoldii_DSM_17242
NODE_179_length_197611_cov_8.217700.8,gi|390945347|ref|NC_018011.1|_Alistipes_finegoldii_DSM_17242
NODE_216_length_305319_cov_6.901228.14,gi|479170689|ref|NC_021020.1|_Faecalibacterium_prausnitzii_SL3/3
NODE_216_length_305319_cov_6.901228.15,gi|479170689|ref|NC_021020.1|_Faecalibacterium_prausnitzii_SL3/3
NODE_216_length_305319_cov_6.901228.16,gi|479170689|ref|NC_021020.1|_Faecalibacterium_prausnitzii_SL3/3
NODE_209_length_149_cov_4.100671,gi|479185170|ref|NC_021030.1|_Alistipes_shahii_WAL_8301
NODE_179_length_197611_cov_8.217700.3,gi|390945347|ref|NC_018011.1|_Alistipes_finegoldii_DSM_17242
NODE_179_length_197611_cov_8.217700.2,gi|390945347|ref|NC_018011.1|_Alistipes_finegoldii_DSM_17242
NODE_179_length_197611_cov_8.217700.1,gi|390945347|ref|NC_018011.1|_Alistipes_finegoldii_DSM_17242
NODE_179_length_197611_cov_8.217700.0,gi|390945347|ref|NC_018011.1|_Alistipes_finegoldii_DSM_17242
NODE_179_length_197611_cov_8.217700.7,gi|390945347|ref|NC_018011.1|_Alistipes_finegoldii_DSM_17242
NODE_179_length_197611_cov_8.217700.6,gi|390945347|ref|NC_018011.1|_Alistipes_finegoldii_DSM_17242
NODE_179_length_197611_cov_8.217700.5,gi|390945347|ref|NC_018011.1|_Alistipes_finegoldii_DSM_17242
NODE_179_length_197611_cov_8.217700.4,gi|390945347|ref|NC_018011.1|_Alistipes_finegoldii_DSM_17242
NODE_423_length_127_cov_9.354331,gi|390945347|ref|NC_018011.1|_Alistipes_finegoldii_DSM_17242
NODE_24_length_115_cov_8.556521,gi|390945347|ref|NC_018011.1|_Alistipes_finegoldii_DSM_17242
NODE_272_length_154_cov_14.188312,gi|390945347|ref|NC_018011.1|_Alistipes_finegoldii_DSM_17242
NODE_174_length_102_cov_17.529411,gi|390945347|ref|NC_018011.1|_Alistipes_finegoldii_DSM_17242
NODE_149_length_272_cov_4.345588,gi|479185170|ref|NC_021030.1|_Alistipes_shahii_WAL_8301
NODE_254_length_191233_cov_8.270398.15,gi|390945347|ref|NC_018011.1|_Alistipes_finegoldii_DSM_17242
NODE_254_length_191233_cov_8.270398.14,gi|390945347|ref|NC_018011.1|_Alistipes_finegoldii_DSM_17242
NODE_254_length_191233_cov_8.270398.17,gi|390945347|ref|NC_018011.1|_Alistipes_finegoldii_DSM_17242
NODE_254_length_191233_cov_8.270398.16,gi|390945347|ref|NC_018011.1|_Alistipes_finegoldii_DSM_17242
NODE_249_length_152_cov_4.210526,gi|479185170|ref|NC_021030.1|_Alistipes_shahii_WAL_8301
NODE_254_length_191233_cov_8.270398.10,gi|390945347|ref|NC_018011.1|_Alistipes_finegoldii_DSM_17242
NODE_254_length_191233_cov_8.270398.13,gi|390945347|ref|NC_018011.1|_Alistipes_finegoldii_DSM_17242
NODE_254_length_191233_cov_8.270398.12,gi|390945347|ref|NC_018011.1|_Alistipes_finegoldii_DSM_17242
NODE_494_length_527700_cov_6.812331.29,gi|479170689|ref|NC_021020.1|_Faecalibacterium_prausnitzii_SL3/3
NODE_12_length_555_cov_14.255856,gi|390945347|ref|NC_018011.1|_Alistipes_finegoldii_DSM_17242
NODE_133_length_543_cov_15.108656,gi|390945347|ref|NC_018011.1|_Alistipes_finegoldii_DSM_17242
NODE_494_length_527700_cov_6.812331.21,gi|479170689|ref|NC_021020.1|_Faecalibacterium_prausnitzii_SL3/3
NODE_494_length_527700_cov_6.812331.20,gi|479170689|ref|NC_021020.1|_Faecalibacterium_prausnitzii_SL3/3
NODE_494_length_527700_cov_6.812331.23,gi|479170689|ref|NC_021020.1|_Faecalibacterium_prausnitzii_SL3/3
NODE_198_length_202_cov_7.935644,gi|390945347|ref|NC_018011.1|_Alistipes_finegoldii_DSM_17242
NODE_494_length_527700_cov_6.812331.25,gi|479170689|ref|NC_021020.1|_Faecalibacterium_prausnitzii_SL3/3
NODE_494_length_527700_cov_6.812331.24,gi|479170689|ref|NC_021020.1|_Faecalibacterium_prausnitzii_SL3/3
NODE_494_length_527700_cov_6.812331.27,gi|479170689|ref|NC_021020.1|_Faecalibacterium_prausnitzii_SL3/3
NODE_457_length_156_cov_4.025641,gi|479185170|ref|NC_021030.1|_Alistipes_shahii_WAL_8301
NODE_118_length_15438_cov_8.266615,gi|390945347|ref|NC_018011.1|_Alistipes_finegoldii_DSM_17242
NODE_30_length_1022_cov_17.723091,gi|390945347|ref|NC_018011.1|_Alistipes_finegoldii_DSM_17242
NODE_494_length_527700_cov_6.812331.5,gi|479170689|ref|NC_021020.1|_Faecalibacterium_prausnitzii_SL3/3
NODE_494_length_527700_cov_6.812331.40,gi|479170689|ref|NC_021020.1|_Faecalibacterium_prausnitzii_SL3/3
NODE_71_length_389_cov_4.082262,gi|479185170|ref|NC_021030.1|_Alistipes_shahii_WAL_8301
NODE_505_length_906976_cov_6.853119.0,gi|479170689|ref|NC_021020.1|_Faecalibacterium_prausnitzii_SL3/3
NODE_470_length_146_cov_4.075343,gi|479185170|ref|NC_021030.1|_Alistipes_shahii_WAL_8301
NODE_505_length_906976_cov_6.853119.2,gi|479170689|ref|NC_021020.1|_Faecalibacterium_prausnitzii_SL3/3
NODE_505_length_906976_cov_6.853119.3,gi|479170689|ref|NC_021020.1|_Faecalibacterium_prausnitzii_SL3/3
NODE_429_length_238_cov_4.046218,gi|479213596|ref|NC_021044.1|_Eubacterium_rectale_M104/1
NODE_351_length_354039_cov_6.840114.9,gi|479170689|ref|NC_021020.1|_Faecalibacterium_prausnitzii_SL3/3
NODE_505_length_906976_cov_6.853119.6,gi|479170689|ref|NC_021020.1|_Faecalibacterium_prausnitzii_SL3/3
NODE_505_length_906976_cov_6.853119.7,gi|479170689|ref|NC_021020.1|_Faecalibacterium_prausnitzii_SL3/3
NODE_505_length_906976_cov_6.853119.8,gi|479170689|ref|NC_021020.1|_Faecalibacterium_prausnitzii_SL3/3
NODE_505_length_906976_cov_6.853119.9,gi|479170689|ref|NC_021020.1|_Faecalibacterium_prausnitzii_SL3/3
NODE_64_length_358694_cov_6.830965.24,gi|479170689|ref|NC_021020.1|_Faecalibacterium_prausnitzii_SL3/3
NODE_67_length_134_cov_15.149254,gi|390945347|ref|NC_018011.1|_Alistipes_finegoldii_DSM_17242
NODE_146_length_380_cov_65.507896,gi|390945347|ref|NC_018011.1|_Alistipes_finegoldii_DSM_17242
NODE_64_length_358694_cov_6.830965.27,gi|479170689|ref|NC_021020.1|_Faecalibacterium_prausnitzii_SL3/3
NODE_89_length_1295_cov_4.794595,gi|390945347|ref|NC_018011.1|_Alistipes_finegoldii_DSM_17242
NODE_64_length_358694_cov_6.830965.21,gi|479170689|ref|NC_021020.1|_Faecalibacterium_prausnitzii_SL3/3
NODE_64_length_358694_cov_6.830965.22,gi|479170689|ref|NC_021020.1|_Faecalibacterium_prausnitzii_SL3/3
NODE_64_length_358694_cov_6.830965.23,gi|479170689|ref|NC_021020.1|_Faecalibacterium_prausnitzii_SL3/3
NODE_505_length_906976_cov_6.853119.52,gi|479170689|ref|NC_021020.1|_Faecalibacterium_prausnitzii_SL3/3
NODE_64_length_358694_cov_6.830965.28,gi|479170689|ref|NC_021020.1|_Faecalibacterium_prausnitzii_SL3/3
NODE_64_length_358694_cov_6.830965.29,gi|479170689|ref|NC_021020.1|_Faecalibacterium_prausnitzii_SL3/3
NODE_4_length_463_cov_71.041039,gi|390945347|ref|NC_018011.1|_Alistipes_finegoldii_DSM_17242
NODE_300_length_83_cov_12.469879,NA
NODE_258_length_263280_cov_8.177872.18,gi|390945347|ref|NC_018011.1|_Alistipes_finegoldii_DSM_17242
NODE_494_length_527700_cov_6.812331.2,gi|479170689|ref|NC_021020.1|_Faecalibacterium_prausnitzii_SL3/3
NODE_123_length_75191_cov_8.369140.6,gi|390945347|ref|NC_018011.1|_Alistipes_finegoldii_DSM_17242
NODE_123_length_75191_cov_8.369140.5,gi|390945347|ref|NC_018011.1|_Alistipes_finegoldii_DSM_17242
NODE_123_length_75191_cov_8.369140.4,gi|390945347|ref|NC_018011.1|_Alistipes_finegoldii_DSM_17242
NODE_123_length_75191_cov_8.369140.3,gi|390945347|ref|NC_018011.1|_Alistipes_finegoldii_DSM_17242
NODE_123_length_75191_cov_8.369140.2,gi|390945347|ref|NC_018011.1|_Alistipes_finegoldii_DSM_17242
NODE_123_length_75191_cov_8.369140.1,gi|390945347|ref|NC_018011.1|_Alistipes_finegoldii_DSM_17242
NODE_123_length_75191_cov_8.369140.0,gi|390945347|ref|NC_018011.1|_Alistipes_finegoldii_DSM_17242
NODE_494_length_527700_cov_6.812331.8,gi|479170689|ref|NC_021020.1|_Faecalibacterium_prausnitzii_SL3/3
NODE_494_length_527700_cov_6.812331.9,gi|479170689|ref|NC_021020.1|_Faecalibacterium_prausnitzii_SL3/3
NODE_96_length_1344_cov_16.811756,gi|390945347|ref|NC_018011.1|_Alistipes_finegoldii_DSM_17242
NODE_505_length_906976_cov_6.853119.81,gi|479170689|ref|NC_021020.1|_Faecalibacterium_prausnitzii_SL3/3
NODE_2_length_16156_cov_8.219856,gi|390945347|ref|NC_018011.1|_Alistipes_finegoldii_DSM_17242
NODE_390_length_121514_cov_8.358864.3,gi|390945347|ref|NC_018011.1|_Alistipes_finegoldii_DSM_17242
NODE_401_length_1196_cov_6.761706,gi|390945347|ref|NC_018011.1|_Alistipes_finegoldii_DSM_17242
NODE_309_length_63619_cov_8.319213.5,gi|390945347|ref|NC_018011.1|_Alistipes_finegoldii_DSM_17242
NODE_258_length_263280_cov_8.177872.12,gi|390945347|ref|NC_018011.1|_Alistipes_finegoldii_DSM_17242
NODE_58_length_571_cov_3.173380,gi|479185170|ref|NC_021030.1|_Alistipes_shahii_WAL_8301
NODE_309_length_63619_cov_8.319213.1,gi|390945347|ref|NC_018011.1|_Alistipes_finegoldii_DSM_17242
NODE_309_length_63619_cov_8.319213.0,gi|390945347|ref|NC_018011.1|_Alistipes_finegoldii_DSM_17242
NODE_309_length_63619_cov_8.319213.3,gi|390945347|ref|NC_018011.1|_Alistipes_finegoldii_DSM_17242
NODE_258_length_263280_cov_8.177872.13,gi|390945347|ref|NC_018011.1|_Alistipes_finegoldii_DSM_17242
NODE_240_length_214_cov_4.116822,gi|479185170|ref|NC_021030.1|_Alistipes_shahii_WAL_8301
NODE_157_length_58632_cov_8.156433.2,gi|390945347|ref|NC_018011.1|_Alistipes_finegoldii_DSM_17242
NODE_505_length_906976_cov_6.853119.84,gi|479170689|ref|NC_021020.1|_Faecalibacterium_prausnitzii_SL3/3
NODE_157_length_58632_cov_8.156433.3,gi|390945347|ref|NC_018011.1|_Alistipes_finegoldii_DSM_17242
NODE_306_length_95_cov_10.905263,gi|390945347|ref|NC_018011.1|_Alistipes_finegoldii_DSM_17242
NODE_505_length_906976_cov_6.853119.87,gi|479170689|ref|NC_021020.1|_Faecalibacterium_prausnitzii_SL3/3
NODE_17_length_117_cov_22.692308,gi|390945347|ref|NC_018011.1|_Alistipes_finegoldii_DSM_17242
NODE_38_length_204_cov_6.171568,gi|325278757|ref|NC_015160.1|_Odoribacter_splanchnicus_DSM_20712
NODE_489_length_157263_cov_6.771033.13,gi|479170689|ref|NC_021020.1|_Faecalibacterium_prausnitzii_SL3/3
NODE_505_length_906976_cov_6.853119.89,gi|479170689|ref|NC_021020.1|_Faecalibacterium_prausnitzii_SL3/3
NODE_505_length_906976_cov_6.853119.18,gi|479170689|ref|NC_021020.1|_Faecalibacterium_prausnitzii_SL3/3
NODE_505_length_906976_cov_6.853119.19,gi|479170689|ref|NC_021020.1|_Faecalibacterium_prausnitzii_SL3/3
NODE_337_length_443_cov_3.494357,gi|390945347|ref|NC_018011.1|_Alistipes_finegoldii_DSM_17242
NODE_505_length_906976_cov_6.853119.88,gi|479170689|ref|NC_021020.1|_Faecalibacterium_prausnitzii_SL3/3
NODE_505_length_906976_cov_6.853119.12,gi|479170689|ref|NC_021020.1|_Faecalibacterium_prausnitzii_SL3/3
NODE_505_length_906976_cov_6.853119.13,gi|479170689|ref|NC_021020.1|_Faecalibacterium_prausnitzii_SL3/3
NODE_505_length_906976_cov_6.853119.10,gi|479170689|ref|NC_021020.1|_Faecalibacterium_prausnitzii_SL3/3
NODE_505_length_906976_cov_6.853119.11,gi|479170689|ref|NC_021020.1|_Faecalibacterium_prausnitzii_SL3/3
NODE_74_length_5532_cov_8.931309,gi|390945347|ref|NC_018011.1|_Alistipes_finegoldii_DSM_17242
NODE_505_length_906976_cov_6.853119.17,gi|479170689|ref|NC_021020.1|_Faecalibacterium_prausnitzii_SL3/3
NODE_261_length_321461_cov_8.199894.10,gi|390945347|ref|NC_018011.1|_Alistipes_finegoldii_DSM_17242
NODE_40_length_176_cov_16.011364,NA
NODE_260_length_165083_cov_8.801846.3,gi|390945347|ref|NC_018011.1|_Alistipes_finegoldii_DSM_17242
NODE_384_length_183_cov_15.349727,gi|390945347|ref|NC_018011.1|_Alistipes_finegoldii_DSM_17242
NODE_317_length_182_cov_8.307693,gi|390945347|ref|NC_018011.1|_Alistipes_finegoldii_DSM_17242
NODE_290_length_1962_cov_6.746177,gi|390945347|ref|NC_018011.1|_Alistipes_finegoldii_DSM_17242
NODE_162_length_92_cov_11.836957,NA
NODE_173_length_51809_cov_8.202050.4,gi|390945347|ref|NC_018011.1|_Alistipes_finegoldii_DSM_17242
NODE_19_length_1273_cov_24.035349,gi|390945347|ref|NC_018011.1|_Alistipes_finegoldii_DSM_17242
NODE_173_length_51809_cov_8.202050.2,gi|390945347|ref|NC_018011.1|_Alistipes_finegoldii_DSM_17242
NODE_173_length_51809_cov_8.202050.3,gi|390945347|ref|NC_018011.1|_Alistipes_finegoldii_DSM_17242
NODE_46_length_121_cov_15.454545,gi|390945347|ref|NC_018011.1|_Alistipes_finegoldii_DSM_17242
NODE_173_length_51809_cov_8.202050.1,gi|390945347|ref|NC_018011.1|_Alistipes_finegoldii_DSM_17242
NODE_225_length_457_cov_18.485777,gi|390945347|ref|NC_018011.1|_Alistipes_finegoldii_DSM_17242
NODE_505_length_906976_cov_6.853119.67,gi|479170689|ref|NC_021020.1|_Faecalibacterium_prausnitzii_SL3/3
NODE_334_length_210_cov_14.171429,NA
NODE_360_length_162_cov_4.154321,gi|479185170|ref|NC_021030.1|_Alistipes_shahii_WAL_8301
NODE_87_length_307_cov_25.482084,gi|390945347|ref|NC_018011.1|_Alistipes_finegoldii_DSM_17242
NODE_277_length_146_cov_4.280822,gi|479185170|ref|NC_021030.1|_Alistipes_shahii_WAL_8301
NODE_460_length_2399_cov_4.216757,gi|390945347|ref|NC_018011.1|_Alistipes_finegoldii_DSM_17242
NODE_13_length_6591_cov_8.574723,gi|390945347|ref|NC_018011.1|_Alistipes_finegoldii_DSM_17242
NODE_16_length_640_cov_19.335938,gi|390945347|ref|NC_018011.1|_Alistipes_finegoldii_DSM_17242
NODE_505_length_906976_cov_6.853119.32,gi|479170689|ref|NC_021020.1|_Faecalibacterium_prausnitzii_SL3/3
NODE_238_length_184_cov_14.336957,NA
NODE_351_length_354039_cov_6.840114.8,gi|479170689|ref|NC_021020.1|_Faecalibacterium_prausnitzii_SL3/3
NODE_351_length_354039_cov_6.840114.7,gi|479170689|ref|NC_021020.1|_Faecalibacterium_prausnitzii_SL3/3
NODE_351_length_354039_cov_6.840114.6,gi|479170689|ref|NC_021020.1|_Faecalibacterium_prausnitzii_SL3/3
NODE_351_length_354039_cov_6.840114.5,gi|479170689|ref|NC_021020.1|_Faecalibacterium_prausnitzii_SL3/3
NODE_351_length_354039_cov_6.840114.4,gi|479170689|ref|NC_021020.1|_Faecalibacterium_prausnitzii_SL3/3
NODE_351_length_354039_cov_6.840114.3,gi|479170689|ref|NC_021020.1|_Faecalibacterium_prausnitzii_SL3/3
NODE_351_length_354039_cov_6.840114.2,gi|479170689|ref|NC_021020.1|_Faecalibacterium_prausnitzii_SL3/3
NODE_351_length_354039_cov_6.840114.1,gi|479170689|ref|NC_021020.1|_Faecalibacterium_prausnitzii_SL3/3
NODE_351_length_354039_cov_6.840114.0,gi|479170689|ref|NC_021020.1|_Faecalibacterium_prausnitzii_SL3/3
NODE_505_length_906976_cov_6.853119.79,gi|479170689|ref|NC_021020.1|_Faecalibacterium_prausnitzii_SL3/3
NODE_463_length_171_cov_4.304093,gi|479185170|ref|NC_021030.1|_Alistipes_shahii_WAL_8301
NODE_502_length_207_cov_14.362319,NA
NODE_254_length_191233_cov_8.270398.1,gi|390945347|ref|NC_018011.1|_Alistipes_finegoldii_DSM_17242
NODE_152_length_80_cov_9.712500,gi|390945347|ref|NC_018011.1|_Alistipes_finegoldii_DSM_17242
NODE_270_length_151_cov_4.258278,gi|479213596|ref|NC_021044.1|_Eubacterium_rectale_M104/1
NODE_160_length_172_cov_4.005814,gi|479185170|ref|NC_021030.1|_Alistipes_shahii_WAL_8301
NODE_105_length_260_cov_4.142308,gi|479185170|ref|NC_021030.1|_Alistipes_shahii_WAL_8301
NODE_341_length_433_cov_5.150115,gi|390945347|ref|NC_018011.1|_Alistipes_finegoldii_DSM_17242
NODE_111_length_80116_cov_8.871636.5,gi|390945347|ref|NC_018011.1|_Alistipes_finegoldii_DSM_17242
NODE_111_length_80116_cov_8.871636.4,gi|390945347|ref|NC_018011.1|_Alistipes_finegoldii_DSM_17242
NODE_111_length_80116_cov_8.871636.7,gi|390945347|ref|NC_018011.1|_Alistipes_finegoldii_DSM_17242
NODE_111_length_80116_cov_8.871636.6,gi|390945347|ref|NC_018011.1|_Alistipes_finegoldii_DSM_17242
NODE_111_length_80116_cov_8.871636.1,gi|390945347|ref|NC_018011.1|_Alistipes_finegoldii_DSM_17242
NODE_111_length_80116_cov_8.871636.0,gi|390945347|ref|NC_018011.1|_Alistipes_finegoldii_DSM_17242
NODE_111_length_80116_cov_8.871636.3,gi|390945347|ref|NC_018011.1|_Alistipes_finegoldii_DSM_17242
NODE_111_length_80116_cov_8.871636.2,gi|390945347|ref|NC_018011.1|_Alistipes_finegoldii_DSM_17242
NODE_52_length_81425_cov_8.175524.7,gi|390945347|ref|NC_018011.1|_Alistipes_finegoldii_DSM_17242
NODE_52_length_81425_cov_8.175524.6,gi|390945347|ref|NC_018011.1|_Alistipes_finegoldii_DSM_17242
NODE_62_length_643_cov_19.161741,gi|390945347|ref|NC_018011.1|_Alistipes_finegoldii_DSM_17242
NODE_52_length_81425_cov_8.175524.4,gi|390945347|ref|NC_018011.1|_Alistipes_finegoldii_DSM_17242
NODE_52_length_81425_cov_8.175524.3,gi|390945347|ref|NC_018011.1|_Alistipes_finegoldii_DSM_17242
NODE_52_length_81425_cov_8.175524.2,gi|390945347|ref|NC_018011.1|_Alistipes_finegoldii_DSM_17242
NODE_52_length_81425_cov_8.175524.1,gi|390945347|ref|NC_018011.1|_Alistipes_finegoldii_DSM_17242
NODE_52_length_81425_cov_8.175524.0,gi|390945347|ref|NC_018011.1|_Alistipes_finegoldii_DSM_17242
NODE_392_length_91_cov_13.153846,NA
NODE_417_length_71_cov_15.619719,gi|390945347|ref|NC_018011.1|_Alistipes_finegoldii_DSM_17242
NODE_494_length_527700_cov_6.812331.50,gi|479170689|ref|NC_021020.1|_Faecalibacterium_prausnitzii_SL3/3
NODE_494_length_527700_cov_6.812331.51,gi|479170689|ref|NC_021020.1|_Faecalibacterium_prausnitzii_SL3/3
NODE_494_length_527700_cov_6.812331.32,gi|479170689|ref|NC_021020.1|_Faecalibacterium_prausnitzii_SL3/3
NODE_64_length_358694_cov_6.830965.19,gi|479170689|ref|NC_021020.1|_Faecalibacterium_prausnitzii_SL3/3
NODE_64_length_358694_cov_6.830965.18,gi|479170689|ref|NC_021020.1|_Faecalibacterium_prausnitzii_SL3/3
NODE_64_length_358694_cov_6.830965.15,gi|479170689|ref|NC_021020.1|_Faecalibacterium_prausnitzii_SL3/3
NODE_64_length_358694_cov_6.830965.14,gi|479170689|ref|NC_021020.1|_Faecalibacterium_prausnitzii_SL3/3
NODE_64_length_358694_cov_6.830965.17,gi|479170689|ref|NC_021020.1|_Faecalibacterium_prausnitzii_SL3/3
NODE_64_length_358694_cov_6.830965.16,gi|479170689|ref|NC_021020.1|_Faecalibacterium_prausnitzii_SL3/3
NODE_64_length_358694_cov_6.830965.11,gi|479170689|ref|NC_021020.1|_Faecalibacterium_prausnitzii_SL3/3
NODE_64_length_358694_cov_6.830965.10,gi|479170689|ref|NC_021020.1|_Faecalibacterium_prausnitzii_SL3/3
NODE_64_length_358694_cov_6.830965.13,gi|479170689|ref|NC_021020.1|_Faecalibacterium_prausnitzii_SL3/3
NODE_64_length_358694_cov_6.830965.12,gi|479170689|ref|NC_021020.1|_Faecalibacterium_prausnitzii_SL3/3
NODE_36_length_8116_cov_8.142927,gi|390945347|ref|NC_018011.1|_Alistipes_finegoldii_DSM_17242
NODE_59_length_284_cov_4.295774,gi|479185170|ref|NC_021030.1|_Alistipes_shahii_WAL_8301
NODE_113_length_286_cov_12.695805,gi|390945347|ref|NC_018011.1|_Alistipes_finegoldii_DSM_17242
NODE_92_length_292_cov_10.047945,gi|390945347|ref|NC_018011.1|_Alistipes_finegoldii_DSM_17242
NODE_311_length_187_cov_4.668449,gi|479185170|ref|NC_021030.1|_Alistipes_shahii_WAL_8301
NODE_261_length_321461_cov_8.199894.17,gi|390945347|ref|NC_018011.1|_Alistipes_finegoldii_DSM_17242
NODE_197_length_151_cov_4.337749,gi|479213596|ref|NC_021044.1|_Eubacterium_rectale_M104/1
NODE_216_length_305319_cov_6.901228.7,gi|479170689|ref|NC_021020.1|_Faecalibacterium_prausnitzii_SL3/3
NODE_216_length_305319_cov_6.901228.4,gi|479170689|ref|NC_021020.1|_Faecalibacterium_prausnitzii_SL3/3
NODE_216_length_305319_cov_6.901228.5,gi|479170689|ref|NC_021020.1|_Faecalibacterium_prausnitzii_SL3/3
NODE_216_length_305319_cov_6.901228.2,gi|479170689|ref|NC_021020.1|_Faecalibacterium_prausnitzii_SL3/3
NODE_216_length_305319_cov_6.901228.3,gi|479170689|ref|NC_021020.1|_Faecalibacterium_prausnitzii_SL3/3
NODE_216_length_305319_cov_6.901228.0,gi|479170689|ref|NC_021020.1|_Faecalibacterium_prausnitzii_SL3/3
NODE_216_length_305319_cov_6.901228.1,gi|479170689|ref|NC_021020.1|_Faecalibacterium_prausnitzii_SL3/3
NODE_239_length_121_cov_19.338842,NA
NODE_216_length_305319_cov_6.901228.8,gi|479170689|ref|NC_021020.1|_Faecalibacterium_prausnitzii_SL3/3
NODE_33_length_71_cov_17.661972,gi|390945347|ref|NC_018011.1|_Alistipes_finegoldii_DSM_17242
NODE_15_length_3555_cov_8.369058,gi|390945347|ref|NC_018011.1|_Alistipes_finegoldii_DSM_17242
NODE_351_length_354039_cov_6.840114.27,gi|479170689|ref|NC_021020.1|_Faecalibacterium_prausnitzii_SL3/3
NODE_295_length_196_cov_4.397959,gi|479185170|ref|NC_021030.1|_Alistipes_shahii_WAL_8301
NODE_351_length_354039_cov_6.840114.24,gi|479170689|ref|NC_021020.1|_Faecalibacterium_prausnitzii_SL3/3
NODE_494_length_527700_cov_6.812331.30,gi|479170689|ref|NC_021020.1|_Faecalibacterium_prausnitzii_SL3/3
NODE_494_length_527700_cov_6.812331.11,gi|479170689|ref|NC_021020.1|_Faecalibacterium_prausnitzii_SL3/3
NODE_488_length_174_cov_4.132184,gi|479185170|ref|NC_021030.1|_Alistipes_shahii_WAL_8301
NODE_494_length_527700_cov_6.812331.13,gi|479170689|ref|NC_021020.1|_Faecalibacterium_prausnitzii_SL3/3
NODE_179_length_197611_cov_8.217700.18,gi|390945347|ref|NC_018011.1|_Alistipes_finegoldii_DSM_17242
NODE_215_length_160_cov_12.325000,NA
NODE_494_length_527700_cov_6.812331.31,gi|479170689|ref|NC_021020.1|_Faecalibacterium_prausnitzii_SL3/3
NODE_203_length_76_cov_60.526318,gi|390945347|ref|NC_018011.1|_Alistipes_finegoldii_DSM_17242
NODE_145_length_320_cov_19.500000,gi|390945347|ref|NC_018011.1|_Alistipes_finegoldii_DSM_17242
NODE_39_length_339592_cov_8.189162.32,gi|390945347|ref|NC_018011.1|_Alistipes_finegoldii_DSM_17242
NODE_39_length_339592_cov_8.189162.31,gi|390945347|ref|NC_018011.1|_Alistipes_finegoldii_DSM_17242
NODE_39_length_339592_cov_8.189162.30,gi|390945347|ref|NC_018011.1|_Alistipes_finegoldii_DSM_17242
NODE_179_length_197611_cov_8.217700.13,gi|390945347|ref|NC_018011.1|_Alistipes_finegoldii_DSM_17242
NODE_473_length_177_cov_4.197740,gi|479185170|ref|NC_021030.1|_Alistipes_shahii_WAL_8301
NODE_216_length_305319_cov_6.901228.13,gi|479170689|ref|NC_021020.1|_Faecalibacterium_prausnitzii_SL3/3
NODE_179_length_197611_cov_8.217700.12,gi|390945347|ref|NC_018011.1|_Alistipes_finegoldii_DSM_17242
NODE_439_length_173_cov_4.710983,gi|479185170|ref|NC_021030.1|_Alistipes_shahii_WAL_8301
NODE_181_length_136_cov_13.426471,NA
NODE_91_length_207_cov_18.405798,gi|390945347|ref|NC_018011.1|_Alistipes_finegoldii_DSM_17242
NODE_216_length_305319_cov_6.901228.17,gi|479170689|ref|NC_021020.1|_Faecalibacterium_prausnitzii_SL3/3
NODE_416_length_130_cov_11.930769,NA
NODE_250_length_251161_cov_8.263253.14,gi|390945347|ref|NC_018011.1|_Alistipes_finegoldii_DSM_17242
NODE_216_length_305319_cov_6.901228.18,gi|479170689|ref|NC_021020.1|_Faecalibacterium_prausnitzii_SL3/3
NODE_250_length_251161_cov_8.263253.16,gi|390945347|ref|NC_018011.1|_Alistipes_finegoldii_DSM_17242
NODE_250_length_251161_cov_8.263253.17,gi|390945347|ref|NC_018011.1|_Alistipes_finegoldii_DSM_17242
NODE_250_length_251161_cov_8.263253.10,gi|390945347|ref|NC_018011.1|_Alistipes_finegoldii_DSM_17242
NODE_189_length_174_cov_4.321839,gi|479185170|ref|NC_021030.1|_Alistipes_shahii_WAL_8301
NODE_154_length_179_cov_4.055866,gi|479185170|ref|NC_021030.1|_Alistipes_shahii_WAL_8301
NODE_216_length_305319_cov_6.901228.19,gi|479170689|ref|NC_021020.1|_Faecalibacterium_prausnitzii_SL3/3
NODE_258_length_263280_cov_8.177872.8,gi|390945347|ref|NC_018011.1|_Alistipes_finegoldii_DSM_17242
NODE_258_length_263280_cov_8.177872.9,gi|390945347|ref|NC_018011.1|_Alistipes_finegoldii_DSM_17242
NODE_250_length_251161_cov_8.263253.18,gi|390945347|ref|NC_018011.1|_Alistipes_finegoldii_DSM_17242
NODE_250_length_251161_cov_8.263253.19,gi|390945347|ref|NC_018011.1|_Alistipes_finegoldii_DSM_17242
NODE_142_length_143_cov_4.307693,gi|479185170|ref|NC_021030.1|_Alistipes_shahii_WAL_8301
NODE_258_length_263280_cov_8.177872.23,gi|390945347|ref|NC_018011.1|_Alistipes_finegoldii_DSM_17242
NODE_251_length_169_cov_4.301775,gi|479185170|ref|NC_021030.1|_Alistipes_shahii_WAL_8301
NODE_293_length_832_cov_6.325721,gi|390945347|ref|NC_018011.1|_Alistipes_finegoldii_DSM_17242
NODE_307_length_145_cov_4.062069,gi|479185170|ref|NC_021030.1|_Alistipes_shahii_WAL_8301
NODE_258_length_263280_cov_8.177872.22,gi|390945347|ref|NC_018011.1|_Alistipes_finegoldii_DSM_17242
NODE_264_length_143_cov_21.937063,gi|390945347|ref|NC_018011.1|_Alistipes_finegoldii_DSM_17242
NODE_52_length_81425_cov_8.175524.5,gi|390945347|ref|NC_018011.1|_Alistipes_finegoldii_DSM_17242
NODE_55_length_1339_cov_15.497386,gi|390945347|ref|NC_018011.1|_Alistipes_finegoldii_DSM_17242
NODE_81_length_150_cov_14.673333,NA
NODE_258_length_263280_cov_8.177872.20,gi|390945347|ref|NC_018011.1|_Alistipes_finegoldii_DSM_17242
NODE_11_length_153_cov_12.470589,NA
NODE_253_length_113_cov_9.398231,gi|390945347|ref|NC_018011.1|_Alistipes_finegoldii_DSM_17242
NODE_65_length_208_cov_4.009615,gi|479185170|ref|NC_021030.1|_Alistipes_shahii_WAL_8301
NODE_141_length_638_cov_7.407524,gi|390945347|ref|NC_018011.1|_Alistipes_finegoldii_DSM_17242
NODE_261_length_321461_cov_8.199894.21,gi|390945347|ref|NC_018011.1|_Alistipes_finegoldii_DSM_17242
NODE_258_length_263280_cov_8.177872.25,gi|390945347|ref|NC_018011.1|_Alistipes_finegoldii_DSM_17242
NODE_361_length_352602_cov_6.831901.30,gi|479170689|ref|NC_021020.1|_Faecalibacterium_prausnitzii_SL3/3
NODE_361_length_352602_cov_6.831901.31,gi|479170689|ref|NC_021020.1|_Faecalibacterium_prausnitzii_SL3/3
NODE_361_length_352602_cov_6.831901.32,gi|479170689|ref|NC_021020.1|_Faecalibacterium_prausnitzii_SL3/3
NODE_258_length_263280_cov_8.177872.24,gi|390945347|ref|NC_018011.1|_Alistipes_finegoldii_DSM_17242
NODE_361_length_352602_cov_6.831901.34,gi|479170689|ref|NC_021020.1|_Faecalibacterium_prausnitzii_SL3/3
NODE_39_length_339592_cov_8.189162.9,gi|390945347|ref|NC_018011.1|_Alistipes_finegoldii_DSM_17242
NODE_39_length_339592_cov_8.189162.8,gi|390945347|ref|NC_018011.1|_Alistipes_finegoldii_DSM_17242
NODE_72_length_153_cov_4.019608,gi|479185170|ref|NC_021030.1|_Alistipes_shahii_WAL_8301
NODE_39_length_339592_cov_8.189162.1,gi|390945347|ref|NC_018011.1|_Alistipes_finegoldii_DSM_17242
NODE_39_length_339592_cov_8.189162.0,gi|390945347|ref|NC_018011.1|_Alistipes_finegoldii_DSM_17242
NODE_39_length_339592_cov_8.189162.3,gi|390945347|ref|NC_018011.1|_Alistipes_finegoldii_DSM_17242
NODE_39_length_339592_cov_8.189162.2,gi|390945347|ref|NC_018011.1|_Alistipes_finegoldii_DSM_17242
NODE_39_length_339592_cov_8.189162.5,gi|390945347|ref|NC_018011.1|_Alistipes_finegoldii_DSM_17242
NODE_39_length_339592_cov_8.189162.4,gi|390945347|ref|NC_018011.1|_Alistipes_finegoldii_DSM_17242
NODE_39_length_339592_cov_8.189162.7,gi|390945347|ref|NC_018011.1|_Alistipes_finegoldii_DSM_17242
NODE_39_length_339592_cov_8.189162.6,gi|390945347|ref|NC_018011.1|_Alistipes_finegoldii_DSM_17242
NODE_397_length_204_cov_8.656863,gi|390945347|ref|NC_018011.1|_Alistipes_finegoldii_DSM_17242
NODE_104_length_823_cov_8.356014,gi|325278757|ref|NC_015160.1|_Odoribacter_splanchnicus_DSM_20712
NODE_259_length_266_cov_4.357143,gi|479185170|ref|NC_021030.1|_Alistipes_shahii_WAL_8301
NODE_500_length_1625_cov_5.125538,gi|52421214|ref|NC_006297.1|_Bacteroides_fragilis_YCH46
NODE_221_length_149_cov_4.026845,gi|479185170|ref|NC_021030.1|_Alistipes_shahii_WAL_8301
NODE_129_length_160323_cov_8.254436.3,gi|390945347|ref|NC_018011.1|_Alistipes_finegoldii_DSM_17242
NODE_129_length_160323_cov_8.254436.2,gi|390945347|ref|NC_018011.1|_Alistipes_finegoldii_DSM_17242
NODE_129_length_160323_cov_8.254436.1,gi|390945347|ref|NC_018011.1|_Alistipes_finegoldii_DSM_17242
NODE_129_length_160323_cov_8.254436.0,gi|390945347|ref|NC_018011.1|_Alistipes_finegoldii_DSM_17242
NODE_129_length_160323_cov_8.254436.7,gi|390945347|ref|NC_018011.1|_Alistipes_finegoldii_DSM_17242
NODE_129_length_160323_cov_8.254436.6,gi|390945347|ref|NC_018011.1|_Alistipes_finegoldii_DSM_17242
NODE_129_length_160323_cov_8.254436.5,gi|390945347|ref|NC_018011.1|_Alistipes_finegoldii_DSM_17242
NODE_129_length_160323_cov_8.254436.4,gi|390945347|ref|NC_018011.1|_Alistipes_finegoldii_DSM_17242
NODE_157_length_58632_cov_8.156433.0,gi|390945347|ref|NC_018011.1|_Alistipes_finegoldii_DSM_17242
NODE_157_length_58632_cov_8.156433.1,gi|390945347|ref|NC_018011.1|_Alistipes_finegoldii_DSM_17242
NODE_129_length_160323_cov_8.254436.9,gi|390945347|ref|NC_018011.1|_Alistipes_finegoldii_DSM_17242
NODE_129_length_160323_cov_8.254436.8,gi|390945347|ref|NC_018011.1|_Alistipes_finegoldii_DSM_17242
NODE_157_length_58632_cov_8.156433.4,gi|390945347|ref|NC_018011.1|_Alistipes_finegoldii_DSM_17242
NODE_258_length_263280_cov_8.177872.17,gi|390945347|ref|NC_018011.1|_Alistipes_finegoldii_DSM_17242
NODE_258_length_263280_cov_8.177872.14,gi|390945347|ref|NC_018011.1|_Alistipes_finegoldii_DSM_17242
NODE_258_length_263280_cov_8.177872.15,gi|390945347|ref|NC_018011.1|_Alistipes_finegoldii_DSM_17242
NODE_388_length_16348_cov_7.850318,gi|390945347|ref|NC_018011.1|_Alistipes_finegoldii_DSM_17242
NODE_505_length_906976_cov_6.853119.45,gi|479170689|ref|NC_021020.1|_Faecalibacterium_prausnitzii_SL3/3
NODE_254_length_191233_cov_8.270398.4,gi|390945347|ref|NC_018011.1|_Alistipes_finegoldii_DSM_17242
NODE_319_length_73_cov_18.027397,NA
NODE_254_length_191233_cov_8.270398.7,gi|390945347|ref|NC_018011.1|_Alistipes_finegoldii_DSM_17242
NODE_246_length_206288_cov_6.775057.19,gi|479170689|ref|NC_021020.1|_Faecalibacterium_prausnitzii_SL3/3
NODE_246_length_206288_cov_6.775057.18,gi|479170689|ref|NC_021020.1|_Faecalibacterium_prausnitzii_SL3/3
NODE_246_length_206288_cov_6.775057.11,gi|479170689|ref|NC_021020.1|_Faecalibacterium_prausnitzii_SL3/3
NODE_246_length_206288_cov_6.775057.10,gi|479170689|ref|NC_021020.1|_Faecalibacterium_prausnitzii_SL3/3
NODE_246_length_206288_cov_6.775057.13,gi|479170689|ref|NC_021020.1|_Faecalibacterium_prausnitzii_SL3/3
NODE_246_length_206288_cov_6.775057.12,gi|479170689|ref|NC_021020.1|_Faecalibacterium_prausnitzii_SL3/3
NODE_246_length_206288_cov_6.775057.15,gi|479170689|ref|NC_021020.1|_Faecalibacterium_prausnitzii_SL3/3
NODE_246_length_206288_cov_6.775057.14,gi|479170689|ref|NC_021020.1|_Faecalibacterium_prausnitzii_SL3/3
NODE_246_length_206288_cov_6.775057.17,gi|479170689|ref|NC_021020.1|_Faecalibacterium_prausnitzii_SL3/3
NODE_246_length_206288_cov_6.775057.16,gi|479170689|ref|NC_021020.1|_Faecalibacterium_prausnitzii_SL3/3
NODE_494_length_527700_cov_6.812331.14,gi|479170689|ref|NC_021020.1|_Faecalibacterium_prausnitzii_SL3/3
NODE_75_length_635_cov_16.266142,gi|390945347|ref|NC_018011.1|_Alistipes_finegoldii_DSM_17242
NODE_494_length_527700_cov_6.812331.16,gi|479170689|ref|NC_021020.1|_Faecalibacterium_prausnitzii_SL3/3
NODE_494_length_527700_cov_6.812331.17,gi|479170689|ref|NC_021020.1|_Faecalibacterium_prausnitzii_SL3/3
NODE_494_length_527700_cov_6.812331.10,gi|479170689|ref|NC_021020.1|_Faecalibacterium_prausnitzii_SL3/3
NODE_254_length_191233_cov_8.270398.3,gi|390945347|ref|NC_018011.1|_Alistipes_finegoldii_DSM_17242
NODE_394_length_1280_cov_15.627344,gi|390945347|ref|NC_018011.1|_Alistipes_finegoldii_DSM_17242
NODE_342_length_143_cov_4.062937,gi|479185170|ref|NC_021030.1|_Alistipes_shahii_WAL_8301
NODE_217_length_21883_cov_8.243248.0,gi|390945347|ref|NC_018011.1|_Alistipes_finegoldii_DSM_17242
NODE_217_length_21883_cov_8.243248.1,gi|390945347|ref|NC_018011.1|_Alistipes_finegoldii_DSM_17242
NODE_494_length_527700_cov_6.812331.18,gi|479170689|ref|NC_021020.1|_Faecalibacterium_prausnitzii_SL3/3
NODE_494_length_527700_cov_6.812331.19,gi|479170689|ref|NC_021020.1|_Faecalibacterium_prausnitzii_SL3/3
NODE_254_length_191233_cov_8.270398.18,gi|390945347|ref|NC_018011.1|_Alistipes_finegoldii_DSM_17242
NODE_250_length_251161_cov_8.263253.7,gi|390945347|ref|NC_018011.1|_Alistipes_finegoldii_DSM_17242
NODE_1_length_2054_cov_17.474684,gi|390945347|ref|NC_018011.1|_Alistipes_finegoldii_DSM_17242
NODE_261_length_321461_cov_8.199894.0,gi|390945347|ref|NC_018011.1|_Alistipes_finegoldii_DSM_17242
NODE_505_length_906976_cov_6.853119.47,gi|479170689|ref|NC_021020.1|_Faecalibacterium_prausnitzii_SL3/3
NODE_254_length_191233_cov_8.270398.9,gi|390945347|ref|NC_018011.1|_Alistipes_finegoldii_DSM_17242
NODE_254_length_191233_cov_8.270398.8,gi|390945347|ref|NC_018011.1|_Alistipes_finegoldii_DSM_17242
NODE_254_length_191233_cov_8.270398.5,gi|390945347|ref|NC_018011.1|_Alistipes_finegoldii_DSM_17242
NODE_119_length_83_cov_11.493976,gi|390945347|ref|NC_018011.1|_Alistipes_finegoldii_DSM_17242
NODE_25_length_286_cov_24.356644,gi|390945347|ref|NC_018011.1|_Alistipes_finegoldii_DSM_17242
NODE_254_length_191233_cov_8.270398.6,gi|390945347|ref|NC_018011.1|_Alistipes_finegoldii_DSM_17242
NODE_27_length_35477_cov_8.181526.0,gi|390945347|ref|NC_018011.1|_Alistipes_finegoldii_DSM_17242
NODE_27_length_35477_cov_8.181526.1,gi|390945347|ref|NC_018011.1|_Alistipes_finegoldii_DSM_17242
NODE_27_length_35477_cov_8.181526.2,gi|390945347|ref|NC_018011.1|_Alistipes_finegoldii_DSM_17242
NODE_254_length_191233_cov_8.270398.2,gi|390945347|ref|NC_018011.1|_Alistipes_finegoldii_DSM_17242
NODE_436_length_163_cov_4.067485,gi|479213596|ref|NC_021044.1|_Eubacterium_rectale_M104/1
NODE_138_length_544_cov_19.593750,gi|390945347|ref|NC_018011.1|_Alistipes_finegoldii_DSM_17242
NODE_26_length_3431_cov_15.138152,gi|390945347|ref|NC_018011.1|_Alistipes_finegoldii_DSM_17242
NODE_505_length_906976_cov_6.853119.46,gi|479170689|ref|NC_021020.1|_Faecalibacterium_prausnitzii_SL3/3
NODE_390_length_121514_cov_8.358864.11,gi|390945347|ref|NC_018011.1|_Alistipes_finegoldii_DSM_17242
NODE_258_length_263280_cov_8.177872.1,gi|390945347|ref|NC_018011.1|_Alistipes_finegoldii_DSM_17242
NODE_351_length_354039_cov_6.840114.16,gi|479170689|ref|NC_021020.1|_Faecalibacterium_prausnitzii_SL3/3
NODE_351_length_354039_cov_6.840114.15,gi|479170689|ref|NC_021020.1|_Faecalibacterium_prausnitzii_SL3/3
NODE_351_length_354039_cov_6.840114.14,gi|479170689|ref|NC_021020.1|_Faecalibacterium_prausnitzii_SL3/3
NODE_351_length_354039_cov_6.840114.13,gi|479170689|ref|NC_021020.1|_Faecalibacterium_prausnitzii_SL3/3
NODE_351_length_354039_cov_6.840114.12,gi|479170689|ref|NC_021020.1|_Faecalibacterium_prausnitzii_SL3/3
NODE_351_length_354039_cov_6.840114.11,gi|479170689|ref|NC_021020.1|_Faecalibacterium_prausnitzii_SL3/3
NODE_351_length_354039_cov_6.840114.10,gi|479170689|ref|NC_021020.1|_Faecalibacterium_prausnitzii_SL3/3
NODE_47_length_286_cov_82.870628,gi|390945347|ref|NC_018011.1|_Alistipes_finegoldii_DSM_17242
NODE_351_length_354039_cov_6.840114.19,gi|479170689|ref|NC_021020.1|_Faecalibacterium_prausnitzii_SL3/3
NODE_351_length_354039_cov_6.840114.18,gi|479170689|ref|NC_021020.1|_Faecalibacterium_prausnitzii_SL3/3
NODE_495_length_194_cov_4.144330,NA
NODE_391_length_18466_cov_8.041157,gi|390945347|ref|NC_018011.1|_Alistipes_finegoldii_DSM_17242
NODE_131_length_92242_cov_8.320277.8,gi|390945347|ref|NC_018011.1|_Alistipes_finegoldii_DSM_17242
NODE_456_length_77_cov_7.454545,gi|390945347|ref|NC_018011.1|_Alistipes_finegoldii_DSM_17242
NODE_494_length_527700_cov_6.812331.28,gi|479170689|ref|NC_021020.1|_Faecalibacterium_prausnitzii_SL3/3
NODE_131_length_92242_cov_8.320277.4,gi|390945347|ref|NC_018011.1|_Alistipes_finegoldii_DSM_17242
NODE_131_length_92242_cov_8.320277.5,gi|390945347|ref|NC_018011.1|_Alistipes_finegoldii_DSM_17242
NODE_131_length_92242_cov_8.320277.6,gi|390945347|ref|NC_018011.1|_Alistipes_finegoldii_DSM_17242
NODE_131_length_92242_cov_8.320277.7,gi|390945347|ref|NC_018011.1|_Alistipes_finegoldii_DSM_17242
NODE_131_length_92242_cov_8.320277.0,gi|390945347|ref|NC_018011.1|_Alistipes_finegoldii_DSM_17242
NODE_131_length_92242_cov_8.320277.1,gi|390945347|ref|NC_018011.1|_Alistipes_finegoldii_DSM_17242
NODE_131_length_92242_cov_8.320277.2,gi|390945347|ref|NC_018011.1|_Alistipes_finegoldii_DSM_17242
NODE_131_length_92242_cov_8.320277.3,gi|390945347|ref|NC_018011.1|_Alistipes_finegoldii_DSM_17242
NODE_260_length_165083_cov_8.801846.8,gi|390945347|ref|NC_018011.1|_Alistipes_finegoldii_DSM_17242
NODE_260_length_165083_cov_8.801846.9,gi|390945347|ref|NC_018011.1|_Alistipes_finegoldii_DSM_17242
NODE_260_length_165083_cov_8.801846.6,gi|390945347|ref|NC_018011.1|_Alistipes_finegoldii_DSM_17242
NODE_260_length_165083_cov_8.801846.7,gi|390945347|ref|NC_018011.1|_Alistipes_finegoldii_DSM_17242
NODE_260_length_165083_cov_8.801846.4,gi|390945347|ref|NC_018011.1|_Alistipes_finegoldii_DSM_17242
NODE_260_length_165083_cov_8.801846.5,gi|390945347|ref|NC_018011.1|_Alistipes_finegoldii_DSM_17242
NODE_260_length_165083_cov_8.801846.2,gi|390945347|ref|NC_018011.1|_Alistipes_finegoldii_DSM_17242
NODE_231_length_149_cov_4.020134,gi|479185170|ref|NC_021030.1|_Alistipes_shahii_WAL_8301
NODE_260_length_165083_cov_8.801846.0,gi|390945347|ref|NC_018011.1|_Alistipes_finegoldii_DSM_17242
NODE_260_length_165083_cov_8.801846.1,gi|390945347|ref|NC_018011.1|_Alistipes_finegoldii_DSM_17242
NODE_351_length_354039_cov_6.840114.17,gi|479170689|ref|NC_021020.1|_Faecalibacterium_prausnitzii_SL3/3
NODE_208_length_577_cov_17.469671,gi|390945347|ref|NC_018011.1|_Alistipes_finegoldii_DSM_17242
NODE_187_length_157_cov_4.917197,gi|325278757|ref|NC_015160.1|_Odoribacter_splanchnicus_DSM_20712
NODE_130_length_3461_cov_7.763941,gi|390945347|ref|NC_018011.1|_Alistipes_finegoldii_DSM_17242
NODE_505_length_906976_cov_6.853119.40,gi|479170689|ref|NC_021020.1|_Faecalibacterium_prausnitzii_SL3/3
NODE_258_length_263280_cov_8.177872.3,gi|390945347|ref|NC_018011.1|_Alistipes_finegoldii_DSM_17242
NODE_372_length_184_cov_4.152174,gi|479185170|ref|NC_021030.1|_Alistipes_shahii_WAL_8301
NODE_315_length_192_cov_4.015625,gi|479185170|ref|NC_021030.1|_Alistipes_shahii_WAL_8301
NODE_168_length_244_cov_4.118853,gi|479185170|ref|NC_021030.1|_Alistipes_shahii_WAL_8301
NODE_151_length_29715_cov_8.256470.0,gi|390945347|ref|NC_018011.1|_Alistipes_finegoldii_DSM_17242
NODE_151_length_29715_cov_8.256470.1,gi|390945347|ref|NC_018011.1|_Alistipes_finegoldii_DSM_17242
NODE_248_length_650_cov_2.520000,gi|479185170|ref|NC_021030.1|_Alistipes_shahii_WAL_8301
NODE_260_length_165083_cov_8.801846.10,gi|390945347|ref|NC_018011.1|_Alistipes_finegoldii_DSM_17242
NODE_260_length_165083_cov_8.801846.11,gi|390945347|ref|NC_018011.1|_Alistipes_finegoldii_DSM_17242
NODE_260_length_165083_cov_8.801846.12,gi|390945347|ref|NC_018011.1|_Alistipes_finegoldii_DSM_17242
NODE_260_length_165083_cov_8.801846.13,gi|390945347|ref|NC_018011.1|_Alistipes_finegoldii_DSM_17242
NODE_260_length_165083_cov_8.801846.14,gi|390945347|ref|NC_018011.1|_Alistipes_finegoldii_DSM_17242
NODE_165_length_182_cov_4.335165,gi|479185170|ref|NC_021030.1|_Alistipes_shahii_WAL_8301
NODE_266_length_205_cov_15.878049,NA
NODE_216_length_305319_cov_6.901228.6,gi|479170689|ref|NC_021020.1|_Faecalibacterium_prausnitzii_SL3/3
NODE_494_length_527700_cov_6.812331.22,gi|479170689|ref|NC_021020.1|_Faecalibacterium_prausnitzii_SL3/3
NODE_505_length_906976_cov_6.853119.43,gi|479170689|ref|NC_021020.1|_Faecalibacterium_prausnitzii_SL3/3
NODE_28_length_34835_cov_8.108799.2,gi|390945347|ref|NC_018011.1|_Alistipes_finegoldii_DSM_17242
NODE_28_length_34835_cov_8.108799.1,gi|390945347|ref|NC_018011.1|_Alistipes_finegoldii_DSM_17242
NODE_28_length_34835_cov_8.108799.0,gi|390945347|ref|NC_018011.1|_Alistipes_finegoldii_DSM_17242
NODE_45_length_1450_cov_32.235863,gi|390945347|ref|NC_018011.1|_Alistipes_finegoldii_DSM_17242
NODE_258_length_263280_cov_8.177872.10,gi|390945347|ref|NC_018011.1|_Alistipes_finegoldii_DSM_17242
NODE_494_length_527700_cov_6.812331.26,gi|479170689|ref|NC_021020.1|_Faecalibacterium_prausnitzii_SL3/3
NODE_66_length_134_cov_7.783582,gi|390945347|ref|NC_018011.1|_Alistipes_finegoldii_DSM_17242
NODE_14_length_638_cov_8.811913,gi|390945347|ref|NC_018011.1|_Alistipes_finegoldii_DSM_17242
NODE_505_length_906976_cov_6.853119.70,gi|479170689|ref|NC_021020.1|_Faecalibacterium_prausnitzii_SL3/3
NODE_70_length_581_cov_16.127367,gi|390945347|ref|NC_018011.1|_Alistipes_finegoldii_DSM_17242
NODE_505_length_906976_cov_6.853119.42,gi|479170689|ref|NC_021020.1|_Faecalibacterium_prausnitzii_SL3/3
NODE_258_length_263280_cov_8.177872.5,gi|390945347|ref|NC_018011.1|_Alistipes_finegoldii_DSM_17242
NODE_18_length_14422_cov_8.414783,gi|390945347|ref|NC_018011.1|_Alistipes_finegoldii_DSM_17242
NODE_261_length_321461_cov_8.199894.8,gi|390945347|ref|NC_018011.1|_Alistipes_finegoldii_DSM_17242
NODE_261_length_321461_cov_8.199894.9,gi|390945347|ref|NC_018011.1|_Alistipes_finegoldii_DSM_17242
NODE_206_length_849_cov_12.128386,gi|390945347|ref|NC_018011.1|_Alistipes_finegoldii_DSM_17242
NODE_370_length_86_cov_4.918605,gi|479185170|ref|NC_021030.1|_Alistipes_shahii_WAL_8301
NODE_97_length_16779_cov_9.613564,gi|390945347|ref|NC_018011.1|_Alistipes_finegoldii_DSM_17242
NODE_261_length_321461_cov_8.199894.1,gi|390945347|ref|NC_018011.1|_Alistipes_finegoldii_DSM_17242
NODE_261_length_321461_cov_8.199894.2,gi|390945347|ref|NC_018011.1|_Alistipes_finegoldii_DSM_17242
NODE_261_length_321461_cov_8.199894.3,gi|390945347|ref|NC_018011.1|_Alistipes_finegoldii_DSM_17242
NODE_261_length_321461_cov_8.199894.4,gi|390945347|ref|NC_018011.1|_Alistipes_finegoldii_DSM_17242
NODE_261_length_321461_cov_8.199894.5,gi|390945347|ref|NC_018011.1|_Alistipes_finegoldii_DSM_17242
NODE_261_length_321461_cov_8.199894.6,gi|390945347|ref|NC_018011.1|_Alistipes_finegoldii_DSM_17242
NODE_261_length_321461_cov_8.199894.7,gi|390945347|ref|NC_018011.1|_Alistipes_finegoldii_DSM_17242
NODE_505_length_906976_cov_6.853119.76,gi|479170689|ref|NC_021020.1|_Faecalibacterium_prausnitzii_SL3/3
NODE_258_length_263280_cov_8.177872.6,gi|390945347|ref|NC_018011.1|_Alistipes_finegoldii_DSM_17242
NODE_406_length_171_cov_4.251462,gi|479185170|ref|NC_021030.1|_Alistipes_shahii_WAL_8301
NODE_396_length_169_cov_4.017752,gi|479185170|ref|NC_021030.1|_Alistipes_shahii_WAL_8301
NODE_216_length_305319_cov_6.901228.9,gi|479170689|ref|NC_021020.1|_Faecalibacterium_prausnitzii_SL3/3
NODE_343_length_183_cov_10.617486,gi|390945347|ref|NC_018011.1|_Alistipes_finegoldii_DSM_17242
NODE_489_length_157263_cov_6.771033.6,gi|479170689|ref|NC_021020.1|_Faecalibacterium_prausnitzii_SL3/3
NODE_489_length_157263_cov_6.771033.7,gi|479170689|ref|NC_021020.1|_Faecalibacterium_prausnitzii_SL3/3
NODE_489_length_157263_cov_6.771033.4,gi|479170689|ref|NC_021020.1|_Faecalibacterium_prausnitzii_SL3/3
NODE_489_length_157263_cov_6.771033.5,gi|479170689|ref|NC_021020.1|_Faecalibacterium_prausnitzii_SL3/3
NODE_258_length_263280_cov_8.177872.7,gi|390945347|ref|NC_018011.1|_Alistipes_finegoldii_DSM_17242
NODE_489_length_157263_cov_6.771033.3,gi|479170689|ref|NC_021020.1|_Faecalibacterium_prausnitzii_SL3/3
NODE_267_length_4676_cov_7.631737,gi|390945347|ref|NC_018011.1|_Alistipes_finegoldii_DSM_17242
NODE_489_length_157263_cov_6.771033.1,gi|479170689|ref|NC_021020.1|_Faecalibacterium_prausnitzii_SL3/3
NODE_265_length_543_cov_4.924494,gi|390945347|ref|NC_018011.1|_Alistipes_finegoldii_DSM_17242
NODE_489_length_157263_cov_6.771033.8,gi|479170689|ref|NC_021020.1|_Faecalibacterium_prausnitzii_SL3/3
NODE_489_length_157263_cov_6.771033.9,gi|479170689|ref|NC_021020.1|_Faecalibacterium_prausnitzii_SL3/3
NODE_505_length_906976_cov_6.853119.1,gi|479170689|ref|NC_021020.1|_Faecalibacterium_prausnitzii_SL3/3
NODE_494_length_527700_cov_6.812331.6,gi|479170689|ref|NC_021020.1|_Faecalibacterium_prausnitzii_SL3/3
NODE_186_length_148_cov_4.000000,gi|479185170|ref|NC_021030.1|_Alistipes_shahii_WAL_8301
NODE_494_length_527700_cov_6.812331.49,gi|479170689|ref|NC_021020.1|_Faecalibacterium_prausnitzii_SL3/3
NODE_494_length_527700_cov_6.812331.48,gi|479170689|ref|NC_021020.1|_Faecalibacterium_prausnitzii_SL3/3
NODE_494_length_527700_cov_6.812331.47,gi|479170689|ref|NC_021020.1|_Faecalibacterium_prausnitzii_SL3/3
NODE_494_length_527700_cov_6.812331.46,gi|479170689|ref|NC_021020.1|_Faecalibacterium_prausnitzii_SL3/3
NODE_494_length_527700_cov_6.812331.45,gi|479170689|ref|NC_021020.1|_Faecalibacterium_prausnitzii_SL3/3
NODE_494_length_527700_cov_6.812331.44,gi|479170689|ref|NC_021020.1|_Faecalibacterium_prausnitzii_SL3/3
NODE_494_length_527700_cov_6.812331.43,gi|479170689|ref|NC_021020.1|_Faecalibacterium_prausnitzii_SL3/3
NODE_494_length_527700_cov_6.812331.42,gi|479170689|ref|NC_021020.1|_Faecalibacterium_prausnitzii_SL3/3
NODE_494_length_527700_cov_6.812331.41,gi|479170689|ref|NC_021020.1|_Faecalibacterium_prausnitzii_SL3/3
NODE_143_length_153_cov_4.209150,gi|479213596|ref|NC_021044.1|_Eubacterium_rectale_M104/1
NODE_494_length_527700_cov_6.812331.12,gi|479170689|ref|NC_021020.1|_Faecalibacterium_prausnitzii_SL3/3
NODE_200_length_292_cov_15.619863,NA
NODE_357_length_170_cov_4.558824,gi|479185170|ref|NC_021030.1|_Alistipes_shahii_WAL_8301
NODE_440_length_176_cov_4.221591,gi|479185170|ref|NC_021030.1|_Alistipes_shahii_WAL_8301
NODE_361_length_352602_cov_6.831901.8,gi|479170689|ref|NC_021020.1|_Faecalibacterium_prausnitzii_SL3/3
NODE_365_length_195_cov_4.353846,gi|479185170|ref|NC_021030.1|_Alistipes_shahii_WAL_8301
NODE_505_length_906976_cov_6.853119.5,gi|479170689|ref|NC_021020.1|_Faecalibacterium_prausnitzii_SL3/3
NODE_98_length_5819_cov_7.887266,gi|390945347|ref|NC_018011.1|_Alistipes_finegoldii_DSM_17242
NODE_99_length_197_cov_4.106599,gi|479185170|ref|NC_021030.1|_Alistipes_shahii_WAL_8301
NODE_489_length_157263_cov_6.771033.0,gi|479170689|ref|NC_021020.1|_Faecalibacterium_prausnitzii_SL3/3
NODE_346_length_127_cov_14.551181,gi|390945347|ref|NC_018011.1|_Alistipes_finegoldii_DSM_17242
NODE_351_length_354039_cov_6.840114.28,gi|479170689|ref|NC_021020.1|_Faecalibacterium_prausnitzii_SL3/3
NODE_351_length_354039_cov_6.840114.29,gi|479170689|ref|NC_021020.1|_Faecalibacterium_prausnitzii_SL3/3
NODE_351_length_354039_cov_6.840114.26,gi|479170689|ref|NC_021020.1|_Faecalibacterium_prausnitzii_SL3/3
NODE_258_length_263280_cov_8.177872.21,gi|390945347|ref|NC_018011.1|_Alistipes_finegoldii_DSM_17242
NODE_212_length_211_cov_15.080568,NA
NODE_351_length_354039_cov_6.840114.25,gi|479170689|ref|NC_021020.1|_Faecalibacterium_prausnitzii_SL3/3
NODE_351_length_354039_cov_6.840114.22,gi|479170689|ref|NC_021020.1|_Faecalibacterium_prausnitzii_SL3/3
NODE_351_length_354039_cov_6.840114.23,gi|479170689|ref|NC_021020.1|_Faecalibacterium_prausnitzii_SL3/3
NODE_351_length_354039_cov_6.840114.20,gi|479170689|ref|NC_021020.1|_Faecalibacterium_prausnitzii_SL3/3
NODE_351_length_354039_cov_6.840114.21,gi|479170689|ref|NC_021020.1|_Faecalibacterium_prausnitzii_SL3/3
NODE_219_length_151_cov_19.218542,NA
NODE_90_length_779_cov_24.413351,gi|390945347|ref|NC_018011.1|_Alistipes_finegoldii_DSM_17242
NODE_39_length_339592_cov_8.189162.28,gi|390945347|ref|NC_018011.1|_Alistipes_finegoldii_DSM_17242
NODE_39_length_339592_cov_8.189162.29,gi|390945347|ref|NC_018011.1|_Alistipes_finegoldii_DSM_17242
NODE_117_length_248_cov_25.778225,gi|390945347|ref|NC_018011.1|_Alistipes_finegoldii_DSM_17242
NODE_64_length_358694_cov_6.830965.25,gi|479170689|ref|NC_021020.1|_Faecalibacterium_prausnitzii_SL3/3
NODE_39_length_339592_cov_8.189162.20,gi|390945347|ref|NC_018011.1|_Alistipes_finegoldii_DSM_17242
NODE_39_length_339592_cov_8.189162.21,gi|390945347|ref|NC_018011.1|_Alistipes_finegoldii_DSM_17242
NODE_39_length_339592_cov_8.189162.22,gi|390945347|ref|NC_018011.1|_Alistipes_finegoldii_DSM_17242
NODE_39_length_339592_cov_8.189162.23,gi|390945347|ref|NC_018011.1|_Alistipes_finegoldii_DSM_17242
NODE_39_length_339592_cov_8.189162.24,gi|390945347|ref|NC_018011.1|_Alistipes_finegoldii_DSM_17242
NODE_39_length_339592_cov_8.189162.25,gi|390945347|ref|NC_018011.1|_Alistipes_finegoldii_DSM_17242
NODE_39_length_339592_cov_8.189162.26,gi|390945347|ref|NC_018011.1|_Alistipes_finegoldii_DSM_17242
NODE_39_length_339592_cov_8.189162.27,gi|390945347|ref|NC_018011.1|_Alistipes_finegoldii_DSM_17242
NODE_361_length_352602_cov_6.831901.16,gi|479170689|ref|NC_021020.1|_Faecalibacterium_prausnitzii_SL3/3
NODE_202_length_21368_cov_7.902611.1,gi|390945347|ref|NC_018011.1|_Alistipes_finegoldii_DSM_17242
NODE_202_length_21368_cov_7.902611.0,gi|390945347|ref|NC_018011.1|_Alistipes_finegoldii_DSM_17242
NODE_64_length_358694_cov_6.830965.20,gi|479170689|ref|NC_021020.1|_Faecalibacterium_prausnitzii_SL3/3
NODE_409_length_71_cov_4.000000,NA
NODE_390_length_121514_cov_8.358864.10,gi|390945347|ref|NC_018011.1|_Alistipes_finegoldii_DSM_17242
NODE_361_length_352602_cov_6.831901.14,gi|479170689|ref|NC_021020.1|_Faecalibacterium_prausnitzii_SL3/3
NODE_387_length_153_cov_4.411765,gi|479185170|ref|NC_021030.1|_Alistipes_shahii_WAL_8301
NODE_361_length_352602_cov_6.831901.15,gi|479170689|ref|NC_021020.1|_Faecalibacterium_prausnitzii_SL3/3
NODE_363_length_56311_cov_8.373550.1,gi|390945347|ref|NC_018011.1|_Alistipes_finegoldii_DSM_17242
NODE_454_length_185_cov_4.237838,gi|479185170|ref|NC_021030.1|_Alistipes_shahii_WAL_8301
NODE_82_length_180_cov_4.044445,gi|479185170|ref|NC_021030.1|_Alistipes_shahii_WAL_8301
NODE_505_length_906976_cov_6.853119.71,gi|479170689|ref|NC_021020.1|_Faecalibacterium_prausnitzii_SL3/3
NODE_505_length_906976_cov_6.853119.72,gi|479170689|ref|NC_021020.1|_Faecalibacterium_prausnitzii_SL3/3
NODE_505_length_906976_cov_6.853119.73,gi|479170689|ref|NC_021020.1|_Faecalibacterium_prausnitzii_SL3/3
NODE_505_length_906976_cov_6.853119.74,gi|479170689|ref|NC_021020.1|_Faecalibacterium_prausnitzii_SL3/3
NODE_505_length_906976_cov_6.853119.75,gi|479170689|ref|NC_021020.1|_Faecalibacterium_prausnitzii_SL3/3
NODE_494_length_527700_cov_6.812331.7,gi|479170689|ref|NC_021020.1|_Faecalibacterium_prausnitzii_SL3/3
NODE_505_length_906976_cov_6.853119.77,gi|479170689|ref|NC_021020.1|_Faecalibacterium_prausnitzii_SL3/3
NODE_505_length_906976_cov_6.853119.78,gi|479170689|ref|NC_021020.1|_Faecalibacterium_prausnitzii_SL3/3
NODE_204_length_513_cov_3.251462,gi|479185170|ref|NC_021030.1|_Alistipes_shahii_WAL_8301
NODE_31_length_202_cov_16.118813,gi|390945347|ref|NC_018011.1|_Alistipes_finegoldii_DSM_17242
NODE_361_length_352602_cov_6.831901.9,gi|479170689|ref|NC_021020.1|_Faecalibacterium_prausnitzii_SL3/3
NODE_361_length_352602_cov_6.831901.4,gi|479170689|ref|NC_021020.1|_Faecalibacterium_prausnitzii_SL3/3
NODE_361_length_352602_cov_6.831901.5,gi|479170689|ref|NC_021020.1|_Faecalibacterium_prausnitzii_SL3/3
NODE_361_length_352602_cov_6.831901.6,gi|479170689|ref|NC_021020.1|_Faecalibacterium_prausnitzii_SL3/3
NODE_361_length_352602_cov_6.831901.7,gi|479170689|ref|NC_021020.1|_Faecalibacterium_prausnitzii_SL3/3
NODE_361_length_352602_cov_6.831901.0,gi|479170689|ref|NC_021020.1|_Faecalibacterium_prausnitzii_SL3/3
NODE_361_length_352602_cov_6.831901.1,gi|479170689|ref|NC_021020.1|_Faecalibacterium_prausnitzii_SL3/3
NODE_361_length_352602_cov_6.831901.2,gi|479170689|ref|NC_021020.1|_Faecalibacterium_prausnitzii_SL3/3
NODE_361_length_352602_cov_6.831901.3,gi|479170689|ref|NC_021020.1|_Faecalibacterium_prausnitzii_SL3/3
NODE_494_length_527700_cov_6.812331.37,gi|479170689|ref|NC_021020.1|_Faecalibacterium_prausnitzii_SL3/3
NODE_305_length_151_cov_4.000000,gi|479185170|ref|NC_021030.1|_Alistipes_shahii_WAL_8301
NODE_262_length_112_cov_9.366072,gi|390945347|ref|NC_018011.1|_Alistipes_finegoldii_DSM_17242
NODE_362_length_100_cov_9.240000,gi|390945347|ref|NC_018011.1|_Alistipes_finegoldii_DSM_17242
NODE_258_length_263280_cov_8.177872.16,gi|390945347|ref|NC_018011.1|_Alistipes_finegoldii_DSM_17242
NODE_327_length_291_cov_10.608248,gi|390945347|ref|NC_018011.1|_Alistipes_finegoldii_DSM_17242
